corrupted data,gt values
"-2, -2, -2, -3, -5, -5, -8, -4, -3, 0, -13, -11, -17, -8, -29, 40, 94, -26, -4, -12, -7, -5, 1, 3, 9, 19, 38, 45, 38, 19, 4, -8, -11, -11, -14, -8, -13, -6, -7, -7, -6, -15, -14, -23, -15, -26, 0, 93, -16, -21, -12, -11, -7, 0, 0, 7, 18, 31, 35, 33, 16, 2, -5, -11, -12, -14, -10, -9, -11, -13, -11, -10, -5, -2, -12, -11, -17, -13, -22, 5, 98, -6, nan, nan, nan, nan, nan, 0, 6, 16, 23, 33, 31, 14, -2, -10, -12, -14, -13, -11, -11, -10, -9, -11, -9, -1, -3, -16, -9, -21, -13, -30, 35, 74, -32, -6, -19, -9, -8, -3, 0, 9, 23, 31, 40, 32, 12, 0, -5, -10, -9, -7, -5, -7, -8, -4, -8, -6, -2, 2, -4, -11, -11, -15, -11, -13, 95, 15, -24, -6, -12, -4, -4, -1, 2, 14, 24, 35, 38, 25, 5, -5, -10, -13, -8, -9, -10, -6, -11, -11, -11, -9, -9, -6, -2, -14, -15, -20, -16, -26, 4, 100, -15, -15, -12, -12, -6, -4, 0, 5, 15, 29, 36, 35, 20, 3, -7, -11, -8, -9","-14, -6, -6, -3, -4"
"-4, -10, -10, -11, -11, -12, -6, -7, -2, -4, 2, 2, 0, -3, -3, -9, 62, 76, 0, 5, -12, -5, -9, 0, -3, 3, 11, 18, 29, 28, 18, 4, -2, -6, -8, -6, -9, -12, -2, -3, -2, -6, -7, -6, 0, 2, -3, -9, -5, -15, 33, 85, -1, -7, -15, -7, -11, -8, -6, -3, nan, nan, nan, nan, nan, 5, -1, -6, -8, -9, -10, -11, -12, -14, -11, -11, -13, -9, -13, -4, -7, -11, -20, -10, -16, 77, 55, -14, -9, -17, -10, -11, -8, -8, 0, 5, 17, 26, 22, 11, 1, -4, -6, -5, -5, -9, -6, -9, -12, -5, -14, -14, -11, -8, -4, -9, -9, -13, -13, 2, 100, 27, -16, -9, -15, -11, -7, -6, -4, 3, 14, 24, 31, 26, 13, 6, -4, -3, -2, -7, -5, -7, -7, -5, -5, -4, -3, -2, -5, 1, 2, -6, -6, -2, -10, 62, 70, -11, -6, -14, -6, -11, -8, -7, -4, 1, 13, 24, 21, 14, -2, -10, -10, -14, -14, -17, -18, -12, -11, -8, -13, -10, -11, -8, -10, -2, 0, -8, -12, -5, -17, 43, 87, -4, -7, -14, -10, -11, -7, -6","3, 14, 21, 23, 20"
"-3, 0, 0, -4, -1, 0, -1, 2, 1, 3, 1, 0, 0, 2, 6, 3, 2, -2, -2, 0, 1, -3, -3, -6, -7, -3, -4, -5, -1, -5, -2, 3, 13, 4, 11, -3, 0, -12, 48, -1, -90, -21, -8, 2, 0, 5, 5, 12, 21, 23, 34, 39, 45, 40, 27, 9, 2, -3, -1, -5, -2, -1, -3, -5, -3, -7, -9, -10, -8, -8, -10, -9, -10, -11, -8, -9, -8, -11, -12, -6, -9, -10, -7, -10, -10, -7, -12, -8, -9, 0, nan, nan, nan, nan, nan, 31, 20, -100, -30, 22, 26, 16, 17, 17, 20, 21, 31, 35, 41, 40, 40, 30, 10, 2, -8, -5, -7, -6, -8, -6, -5, -6, -5, -9, -8, -5, -10, -9, -10, -8, -7, -8, -8, -8, -1, -7, -6, -2, -3, -1, -7, -6, -6, -3, 2, 4, 6, -9, -4, -17, 27, 17, -93, -37, -15, -3, -6, -2, 1, 6, 11, 19, 24, 31, 42, 37, 24, 7, -2, -2, -7, -2, 0, 0, 2, -1, 0, 0, 0, -6, -5, -3, -3, -3, -5, 0, -3, -3, -5, -7, -4, -8, -2, -3, 6, 11, 7, -5, -3, -19","4, 5, -4, -6, -21"
"11, 25, 16, -5, -14, nan, nan, nan, nan, nan, -17, -17, -18, -18, -18, -13, -11, -4, -10, -20, -17, -22, -18, -21, 97, 19, -29, -4, -14, -3, -6, 0, 6, 14, 26, 33, 33, 17, -1, -6, -11, -11, -9, -8, -11, -8, -6, -7, -9, -10, -9, -5, 0, -5, -17, -15, -15, -14, -19, 94, 27, -24, -2, -14, -2, -4, 3, 5, 18, 28, 36, 35, 18, 1, -9, -8, -11, -10, -10, -8, -6, -9, -10, -9, -11, -6, -5, -1, 0, -11, -10, -20, -9, -31, 52, 87, -28, -3, -14, -3, -6, 0, 2, 11, 24, 36, 40, 27, 8, -6, -11, -10, -11, -10, -10, -9, -9, -9, -13, -12, -14, -13, -10, -10, -2, -8, -18, -13, -20, -16, -27, 100, 40, -28, -3, -14, -2, -5, 1, 6, 17, 29, 35, 36, 21, 3, -4, -11, -10, -7, -8, -7, -6, -8, -10, -10, -9, -12, -10, -8, -8, -6, -2, -5, -15, -15, -18, -9, -27, 90, 43, -27, 1, -11, -1, -3, 1, 9, 17, 28, 37, 37, 23, 5, -4, -8, -9, -9, -7, -9, -6, -6, -8, -8, -11, -9, -13, -7, -2, -3","-23, -23, -20, -21, -19"
"0, -8, -4, -4, -2, -3, -3, -4, -4, -4, -4, -8, -5, -3, -4, -8, -7, -6, -7, -6, -4, -3, 3, 0, -7, -6, -13, 3, 88, -25, -23, -1, -4, 0, 4, 8, 14, 21, 26, 44, 52, 46, 26, 4, -6, -10, -15, -15, -8, -7, -5, -9, -8, -7, -8, -7, -7, -8, -11, -12, -11, nan, nan, nan, nan, nan, -9, -9, -4, -1, -4, -5, -15, -4, -32, 48, 57, -57, -10, -11, -2, -2, 3, 5, 9, 16, 33, 48, 51, 43, 16, -2, -10, -10, -12, -10, -11, -8, -4, -8, -9, -9, -5, -5, -7, -4, -8, -8, -10, -15, -11, -9, -11, -7, -5, 1, 0, -1, -8, -8, -14, -2, 100, -29, -29, -3, -2, 2, 3, 6, 9, 17, 28, 40, 52, 51, 25, 0, -8, -13, -17, -15, -13, -12, -5, -9, -7, -9, -6, -5, -7, -8, -11, -7, -12, -11, -11, -16, -13, -9, -10, -8, -1, -1, -3, -13, -11, -17, -4, 89, -32, -32, -3, -5, 2, 1, 5, 8, 12, 26, 41, 53, 49, 31, 6, -4, -8, -10, -8, -6, -8, -5, -3, -7, -4, -6, -9, -10, -10, -7","-9, -10, -9, -11, -11"
"7, 15, 12, 12, 8, 6, 3, -3, -2, -5, -7, -10, -13, -13, -18, -15, -13, -4, -6, -19, -26, -24, -31, -3, 66, -22, -29, -17, -21, -17, -14, -8, -2, 6, 17, 39, 61, 67, 52, 18, -12, -19, -19, -17, -14, -17, -15, -15, -20, -16, -20, -20, -20, -20, -23, -21, -24, -20, -11, -4, -20, -36, -29, -35, -28, 71, 12, -50, -28, -36, -29, -25, -23, -24, -17, -6, 9, 40, 53, 56, 32, 8, 2, 5, 7, 17, 22, 22, 26, 27, 28, 32, 31, 31, 35, 32, 30, 31, 31, 31, 32, 34, 39, 49, 40, 28, 15, 24, -2, 63, 75, -28, -13, -21, -22, -21, -21, -21, -16, -8, nan, nan, nan, nan, nan, -21, -39, -49, -43, -43, -38, -40, -40, -41, -39, -43, -45, -44, -38, -41, -35, -29, -20, -29, -35, -36, -35, -37, 47, 0, -54, -15, -23, -14, -12, -1, -6, 7, 22, 36, 61, 73, 68, 35, 4, 0, -6, 0, 2, 3, 5, 5, 5, 4, 6, 2, 1, 4, 1, 6, 16, 21, 2, -3, 3, -10, 17, 100, 9, -12, 0, 0, -1, 5, 5, 11, 14, 23, 45, 60","1, 17, 31, 35, 11"
"0, 0, -4, -3, -4, -3, -1, -4, -3, -2, -3, -4, -5, -6, -5, -8, -5, -6, -5, -2, 3, 8, -1, -7, -8, -8, -7, 100, 16, -19, -5, -13, -4, -5, -2, -3, 2, 7, 16, 29, 32, 28, 9, 0, -3, -5, -6, -8, -8, -7, -6, -6, -6, -6, -7, -7, -8, -9, -9, -7, -8, -7, -8, -6, -7, -5, 5, 3, -3, -10, -6, -13, 7, 95, -8, nan, nan, nan, nan, nan, -5, 0, 2, 9, 17, 27, 33, 22, 7, -1, -4, -7, -6, -7, -6, -6, -6, -4, -6, -6, -5, -8, -5, -7, -6, -7, -6, -8, -8, -8, -7, -7, -3, 5, -2, 0, -9, -2, -19, 47, 58, -32, 0, -10, -2, -7, -2, -2, 1, 5, 17, 23, 33, 32, 18, 4, -1, -5, -5, -9, -6, -7, -7, -4, -5, -4, -7, -5, -5, -8, -5, -8, -7, -7, -8, -8, -5, -3, 3, 0, -3, -13, -1, -20, 38, 82, -23, -2, -12, -6, -8, -5, -7, -1, 3, 10, 19, 30, 29, 18, 2, -4, -5, -5, -8, -8, -6, -8, -6, -7, -6, -7, -7, -6, -7, -8, -8, -7, -8, -8","-10, -7, -8, -6, -6"
"-2, 0, -2, -2, -1, -3, -2, -3, -5, 3, 5, -10, -1, -20, 7, 92, -11, -5, -9, -1, -2, -1, -2, 0, 0, 4, 4, 5, 2, -2, -5, -7, -8, -5, -3, -3, -3, -4, -4, -2, -5, -4, 1, 7, -3, -4, -10, -16, 88, 13, -14, -1, -7, -1, -1, 0, 2, 3, 5, 6, 8, 3, -1, -5, -5, -6, -3, -7, -4, -3, -1, -3, -4, -1, -5, -4, -5, -2, 6, 5, -11, 3, -28, 58, 51, -25, 1, -11, nan, nan, nan, nan, nan, -1, 2, 0, 1, -4, -4, -6, -9, -8, -7, -5, -6, -5, -5, -6, -7, -8, -5, -5, -8, -8, -7, 0, 7, -6, -4, -8, -6, 99, 11, -6, -1, -5, 0, 2, 0, 3, 2, 5, 4, 8, 4, 2, 0, -2, -4, -4, -1, 0, -3, 2, -3, -3, -5, -4, -3, -5, -3, -3, -2, -1, -5, -4, -3, 2, 7, -5, 0, -15, 4, 100, -1, -8, -6, -6, -4, -2, -2, -3, 1, -1, 0, 1, 0, -1, -5, -4, -4, -5, -7, -4, -3, -4, -7, -6, -4, -4, -5, -6, -4, -5, -3, -5, -3, -1, -1, 1","0, -6, 1, -2, 1"
"-31, 64, -61, -87, -24, -33, -14, -12, -1, 12, 37, 54, 51, 20, -10, -22, -24, -18, -21, -17, -10, -15, -18, -18, -21, -13, -7, -10, -5, -29, -14, -48, 36, 63, -99, -15, -16, -3, -5, 1, 17, 38, 66, 71, 57, 20, -2, -16, -19, -14, -12, -9, -8, -11, -16, -18, -16, -9, -1, -5, -6, -27, -9, -49, 89, 3, -91, -5, -15, 2, -1, 12, 20, 47, 72, 75, 49, 13, -11, -9, -13, -11, -10, -11, -9, -8, -10, -11, -11, -10, 1, -6, -8, -26, -10, -47, 54, 52, -100, -17, -14, 1, -4, 10, 16, 38, 59, 68, 52, 19, -11, -19, -15, -11, -10, -7, -8, -11, -13, -8, -7, -6, 3, -15, -19, -27, -4, 82, -81, -43, -17, -12, -1, 2, 12, 25, 55, 72, 55, 21, -5, -15, -22, -23, -11, -8, -12, -10, -9, -8, nan, nan, nan, nan, nan, -9, -41, 34, 52, -98, -19, -15, 0, 2, 12, 16, 40, 68, 75, 54, 19, -4, -15, -16, -15, -8, -8, -7, -9, -10, -14, -12, -11, -11, -3, -1, -6, -23, -10, -42, 36, 68, -97, -20, -17, -5, -6, 2, 12, 31","-15, -6, 0, 2, -25"
"-1, 0, 1, -4, -3, -2, -8, 0, -9, -7, -8, -2, -1, -6, 8, -4, -5, -8, 34, 2, -100, -21, -1, 0, 1, 4, 9, 15, 12, 28, 42, 49, 54, 41, 24, 3, -6, -10, -15, -15, -14, -9, -7, -5, -6, -11, -1, -9, -10, -7, -9, 2, -8, -2, -6, -8, -1, -8, -1, -6, -3, -7, -7, -1, 2, -6, -3, 9, 1, -4, -11, 11, 25, -84, -49, -10, -1, 0, 4, 6, 14, 13, 11, 35, 54, 60, 54, 32, 7, 3, nan, nan, nan, nan, nan, -1, -6, -5, -2, -7, -7, -6, -6, -6, -9, -10, -11, -6, -4, -13, -9, -8, -6, -7, -3, -4, -3, 1, -12, -11, 10, 19, -83, -55, -7, -12, 0, 7, 8, 14, 15, 29, 37, 50, 60, 48, 32, 6, -7, -14, -12, -17, -15, -4, -5, -1, -4, 2, 0, -3, -5, 8, 0, 0, -4, 1, 0, -1, -1, -4, 2, 0, -3, -10, 0, -4, -2, -9, 2, -4, -1, -9, -9, -6, 37, -64, -82, -9, -6, 1, -2, 3, 6, 9, 15, 29, 43, 55, 52, 36, 14, 4, -8, -9, -10, -12, -8, 0, -5, -2","-7, -12, -8, -8, -3"
"-1, -6, -2, -5, -3, -1, -3, -4, -3, 0, 0, 5, 0, -8, 1, -11, 25, 97, -48, -22, 1, 4, 4, 6, 13, 20, 34, 44, 45, 23, -3, -10, -14, -17, -17, -16, -15, -16, -14, -13, -13, -18, -17, -16, -16, -15, -13, -13, -6, -8, -17, -12, -19, 8, 96, -47, -36, 0, -1, 3, 4, 10, 16, 31, 44, 51, 30, 5, -6, -10, -9, -8, -6, nan, nan, nan, nan, nan, -6, -6, -8, -7, -8, -8, -4, -1, -1, -11, -5, -11, 11, 97, -46, -36, -3, -5, 0, 4, 7, 15, 25, 41, 46, 26, 0, -12, -13, -15, -12, -13, -10, -9, -10, -8, -10, -11, -8, -9, -9, -6, -6, -1, -5, -14, -3, -21, 39, 84, -63, -19, -6, -2, 1, 5, 11, 20, 33, 47, 46, 20, -3, -11, -14, -14, -15, -13, -12, -10, -10, -11, -10, -12, -11, -12, -10, -11, -3, -7, -11, -10, -15, 0, 100, -34, -43, -5, -6, 1, 0, 7, 14, 30, 42, 50, 28, 1, -8, -11, -12, -11, -11, -10, -7, -7, -5, -8, -6, -7, -9, -5, -7, -6, -1, -7, -14, -1, -21, 43, 80, -64","-7, -7, -4, -3, -6"
"-3, -7, -8, -9, -20, -7, -36, 59, 75, -28, -5, -11, -1, 0, 9, 17, 23, 26, 10, -4, -11, -15, -16, -11, -15, -10, -6, -5, -3, -2, -16, -5, -27, 34, 97, -17, -5, -7, 0, -1, 11, 16, 27, 30, 16, -1, -11, -14, -12, -9, -13, -13, -7, -6, 0, -4, -7, -14, -6, -28, 48, 86, -27, -6, -10, -2, -1, 5, 11, 24, 24, 10, -4, -16, -17, -15, -15, -12, -12, -11, -11, -8, -6, -7, -13, -18, -14, -25, 78, 33, -32, -8, -10, -1, 1, 8, 18, 22, 23, 7, -9, -15, -14, -12, -13, -14, -11, -9, -6, -3, nan, nan, nan, nan, nan, -21, 83, 55, -24, 0, -8, 3, 2, 12, 18, 26, 26, 11, -3, -13, -15, -14, -12, -12, -11, -15, -7, -8, -7, -8, -9, -19, -12, -24, 17, 100, -6, -14, -9, -4, 0, 3, 14, 24, 27, 18, 2, -10, -12, -14, -16, -14, -14, -10, -8, -10, -7, -4, -6, -11, -13, -13, -16, 79, 24, -25, -2, -7, 0, 1, 15, 22, 32, 21, 7, -7, -12, -12, -13, -13, -12, -10, -10, -10, -7, -4, -2, -8, -13, -11","-3, -3, -7, -11, -4"
"-1, -2, -2, -2, -4, -2, -5, -5, -1, 2, 4, -5, -7, -6, -11, 10, 94, -22, -26, -6, -9, -4, -3, 1, 6, 13, 18, 18, 17, 5, -1, -5, -5, -7, -7, -5, -6, -5, -6, -7, -7, -7, -4, 0, 2, -5, -8, -8, -10, -3, 100, -8, -30, -4, -10, -1, -2, 2, 7, 15, 21, 22, 19, 7, 0, -3, -4, -7, -4, -3, -5, -4, -5, -6, -6, -5, -3, 3, -2, nan, nan, nan, nan, nan, 79, -45, -15, -13, -8, -10, -4, -1, 4, 11, 16, 15, 5, -3, -8, -10, -11, -11, -11, -11, -11, -10, -12, -8, -11, -7, 0, 0, -7, -10, -5, -12, 5, 94, -12, -21, -2, -5, -1, 0, 5, 10, 17, 22, 21, 17, 7, 0, -2, -1, -5, -3, -1, -3, -2, -3, -2, -5, -3, -3, 6, -4, -5, -12, -2, -25, 73, 45, -42, -3, -14, -4, -5, 0, 3, 12, 18, 22, 20, 9, 0, -3, -6, -5, -8, -5, -7, -7, -6, -6, -9, -7, -4, 0, 0, -8, -10, -10, -15, 4, 98, -20, -27, -9, -12, -8, -7, -3, 0, 9, 14, 16, 10, -2, -9, -10","-6, -15, -5, -24, 40"
"1, 0, -2, 0, 0, 0, -1, -2, -1, -1, 0, -2, -1, 6, 0, -20, -3, -28, 16, 100, -12, -6, -10, -4, -4, -3, 0, -1, 0, 2, 2, 7, 4, nan, nan, nan, nan, nan, -2, -3, -5, -3, -5, -2, -6, -5, -5, -4, -8, -5, -4, 1, 3, -10, 0, -26, 23, 94, -14, -3, -7, -3, -2, 0, -1, 2, 3, 6, 8, 12, 6, 0, -4, -6, -5, -6, -4, -7, -4, -5, -2, -4, -4, -4, -5, -4, -1, 4, -1, -10, 0, -29, 59, 33, -31, 5, -11, -1, -2, 3, 2, 5, 10, 14, 15, 13, 2, -3, -9, -9, -6, -8, -3, -6, -5, -5, -4, -5, -8, -7, -8, 0, 5, -3, -11, -2, -30, 76, 50, -22, 0, -11, -2, -3, 3, -2, 1, 4, 3, 9, 4, 3, -2, -5, -5, -7, -7, -5, -7, -4, -4, -5, -4, -7, -5, -4, 4, 1, -13, -1, -31, 26, 95, -17, -2, -11, -5, -4, -3, 0, 0, 1, 5, 8, 9, 4, -1, -3, -3, -6, -4, -5, -4, -3, -2, 0, -3, -4, -1, -2, -4, -4, -4, -3, -3, 0, 6, 1, -11, -2","0, -3, -5, -5, -8"
"-2, -3, -8, -7, -11, -6, -10, -11, -13, -14, -7, -2, -7, 0, -8, -29, -8, -39, 63, 43, -50, -11, -23, 0, -14, -3, -4, 6, 9, 20, 27, 23, 29, 20, 18, 10, 10, 12, 9, 13, 18, 17, 5, 14, 16, 11, 10, 22, 25, 16, 22, -3, -4, -8, -9, 100, -31, nan, nan, nan, nan, nan, -7, -9, 1, 2, 11, 13, 15, 13, 0, -7, -10, -9, -8, -10, -16, -12, -8, -9, -15, -14, -12, -17, 0, 0, 0, -11, -27, -17, -35, 85, 8, -50, -13, -28, -19, -18, -9, -9, 0, 0, 4, 11, 18, 13, 5, -6, -6, -6, -7, -5, -3, 7, -10, -8, -3, -2, -5, -8, 0, 5, 6, 3, -15, 1, -21, 36, 90, -37, -5, -9, -1, 1, 4, 5, 15, 21, 20, 24, 27, 27, 24, 14, 6, 4, -1, 3, 1, 6, 2, 0, -3, -3, -13, 2, 4, 6, 7, 4, -18, -12, -29, 16, 86, -54, -29, -23, -18, -19, -10, -10, 1, -1, 6, 16, 15, 19, 10, -4, -11, -12, -7, -7, -11, -6, -4, -8, -7, -6, -11, -12, 5, 2, 1, 3, -4, -23, -14, -22","-32, -22, -24, -16, -9"
"-2, -4, -1, 0, -2, -3, -5, -2, -5, 0, 12, 0, -8, -3, -14, 1, 84, -32, -8, -11, -10, -4, -5, -6, 2, 11, 21, 35, 42, 34, 12, -2, -6, -8, -9, -8, -7, -7, -9, -5, -11, 0, 3, -3, -17, -6, -28, 13, 88, -36, -7, -20, -7, -16, -7, -6, -2, 5, 17, 28, 41, 27, 1, -3, -12, -11, -10, -8, -14, -9, -8, -9, -6, 6, 1, -5, -20, -4, -37, 82, 33, -35, -6, -21, -7, -13, -9, -5, 0, 7, 23, 34, 35, 11, -2, -8, -10, -10, -8, -7, -8, -8, -6, -6, -2, 7, -2, -11, -12, -14, -12, 100, -12, -15, -8, -14, -13, -8, -8, -2, 0, 14, 28, 38, 28, 5, -4, -9, -8, -8, -10, -8, -7, -7, -6, -5, -6, -5, 3, 7, -3, -16, 1, -37, 54, 72, -41, 0, -24, -4, nan, nan, nan, nan, nan, 16, 34, 36, 21, 0, -8, -10, -8, -10, -10, -8, -11, -10, -10, -6, -9, -10, -7, -7, -9, 3, 4, -5, -20, -3, -29, 42, 70, -39, 3, -23, -6, -13, -2, -2, 2, 12, 24, 40, 43, 27, 11, -4, -3, -8","-14, -7, -7, 1, 5"
"-4, -5, -4, -5, -3, -1, -2, -4, -5, -5, -3, -6, -4, -7, -4, -1, 1, -7, -4, -12, -3, -25, 29, 99, 3, -3, -8, -4, -3, -1, 1, 9, 20, 27, 25, 12, 3, -5, -5, -7, -4, -8, -7, -7, -3, -3, -3, -4, -3, -4, -4, -5, -4, -6, -7, -4, 0, 4, -5, -6, -12, -2, -27, 35, 92, -2, -5, -12, -4, -7, -2, 1, 9, 20, 27, 23, 12, 0, -4, -8, -8, -11, -11, -13, -11, -10, -8, -9, -10, -9, -10, -10, -11, -9, -10, -9, nan, nan, nan, nan, nan, -16, -6, -32, 72, 64, -14, -5, -10, -1, -3, 0, 5, 16, 27, 31, 23, 12, 1, -4, -4, -5, -4, -7, -5, -6, -3, -2, -4, -3, -6, -7, -3, -8, -9, -4, -3, 2, -6, -7, -12, -6, -23, 14, 100, 6, -6, -7, -4, -4, 0, 2, 10, 19, 28, 24, 14, 0, -4, -8, -9, -9, -10, -10, -9, -6, -4, -7, -7, -10, -9, -8, -9, -8, -2, -1, -12, -9, -15, -7, -30, 78, 56, -15, -5, -11, -2, -6, -1, 4, 12, 25, 28, 18, 6, -3, -6, -8, -9, -10","-8, -2, -2, -11, -10"
"0, -14, 0, -7, 0, -4, -19, -20, -14, -17, -12, -6, 73, 0, -38, -5, -14, -2, -11, 0, 5, 19, 30, 46, 63, 59, 27, 0, -14, -19, -14, -7, -12, -4, -10, -6, -13, -3, -5, 2, -10, -19, -27, -16, -24, -19, -8, nan, nan, nan, nan, nan, -8, -7, 2, 7, 13, 29, 48, 58, 61, 28, 3, -12, -16, -24, -14, -18, -12, -8, -10, -15, -16, -16, -1, -9, -13, -13, -21, -17, -19, -14, -17, 69, 56, -31, -13, -17, -7, -12, -6, -1, 5, 20, 34, 53, 57, 26, -7, -24, -27, -16, -24, -23, -18, -12, -8, -12, -15, -19, -10, -15, -5, -1, -11, -19, -15, -17, -18, -18, -6, 100, 34, -24, -8, -10, -2, -2, -2, 5, 14, 32, 52, 57, 68, 41, 7, -2, -17, -4, -7, -5, -10, -4, -3, -21, -17, -17, -8, -13, -17, -7, 3, -2, -19, -15, -15, -17, -9, -6, 94, 31, -24, 1, -18, 0, -7, 0, 2, 12, 27, 44, 58, 62, 39, 4, -15, -14, -23, -22, -27, -19, -15, -22, -23, -23, -16, -15, -8, -13, -29, -26, -22, -30, -20, -24, 42, 48, -37, -22","69, 35, -32, -8, -17"
"0, -3, -4, -5, -7, -5, -3, 2, 1, -8, -13, -11, -10, 97, 22, -19, -9, -11, -2, -1, 2, 4, 14, 20, 19, 14, 5, -3, -4, -6, -7, -2, -2, -3, -5, -3, -7, -8, -10, -11, -10, -10, 0, 0, -10, -14, -11, -16, 98, 23, -22, -7, -14, -7, -8, -4, 0, 11, 15, 14, 6, 0, -8, -7, nan, nan, nan, nan, nan, -8, -5, -7, -10, -11, -6, -8, -9, -4, 3, 0, -12, -3, -21, 32, 98, -11, -1, -8, 0, 1, 8, 9, 17, 21, 27, 23, 14, 5, -1, -3, -1, 0, -1, -1, -3, -6, -7, -5, -8, -8, -12, -12, -9, 2, 0, -13, -9, -18, 7, 100, -3, -13, -9, -10, -7, -4, -1, 6, 15, 17, 14, 10, -1, -7, -8, -12, -8, -6, -7, -8, -12, -8, -11, -14, -12, -11, -4, 0, -6, -20, -10, -32, 75, 48, -31, -8, -18, -9, -9, -3, 2, 11, 16, 17, 15, 7, 0, -8, -7, -8, -5, -5, -6, -8, -10, -9, -8, -9, 0, 4, -1, -14, 0, -24, 60, 50, -26, 0, -8, 4, 3, 7, 12, 24, 30, 33, 28, 14, 4, -2","-11, -7, -8, -5, -4"
"0, -1, -1, 0, 0, -1, -2, -2, -4, -5, -5, -3, -6, -7, -5, -6, -3, 1, 5, 5, 2, -7, -6, -16, -1, 97, 16, -25, -11, -9, -6, -6, -2, -1, 4, 9, 19, 24, 26, 16, 2, -3, -4, -3, -7, -5, -4, -4, -4, -7, -6, -6, -6, -7, -5, -7, -8, -8, -6, -3, -2, 6, 2, -3, -10, -2, -28, 33, 85, -11, -15, -12, -9, -6, -4, -2, 0, 2, 12, 20, 23, 19, nan, nan, nan, nan, nan, -5, -8, -6, -5, -5, -7, -8, -8, -8, -8, -8, -9, -8, -8, -5, -3, 0, 5, 0, -2, -9, -5, -28, 51, 77, -18, -13, -11, -6, -9, -5, -4, 0, 4, 11, 21, 22, 18, 5, -1, -3, -4, -5, -3, -4, -4, -4, -3, -4, -5, -5, -4, -7, -7, -6, -7, -6, -6, -2, 2, 9, 10, 1, -5, -4, -10, -6, 100, 25, -22, -9, -12, -6, -7, -3, -4, 2, 5, 14, 20, 21, 12, -1, -4, -7, -7, -6, -5, -7, -6, -6, -6, -6, -6, -7, -6, -8, -8, -8, -8, -8, -7, -2, 1, 7, 2, 0, -11, -3, -26, 37, 89, -13","6, -1, -5, -5, -6"
"0, -1, 6, 0, -2, -1, 3, -12, -1, -7, -3, -7, -8, -4, -7, 0, -9, -9, -6, 0, -13, -4, -6, 0, 7, 0, -14, -12, -11, -18, 7, 80, -51, -39, -12, -16, -1, -7, 2, 9, 26, 59, 85, 92, 73, 29, 0, -9, -13, -12, -11, -8, nan, nan, nan, nan, nan, -19, -13, -16, -21, -23, -17, -18, -18, -12, -22, -13, -12, -7, 2, 2, -12, -12, -21, -9, -25, 70, 9, -78, -13, -19, -2, -10, -3, 3, 21, 45, 75, 100, 82, 46, 17, 4, -6, -8, 1, 1, -2, -3, -4, -1, -9, -8, -8, -9, -10, -12, -16, -13, -9, -13, -15, -13, -11, -13, -7, -16, -9, -9, -2, 4, 1, -16, -9, -18, -17, -14, 77, -14, -68, -13, -19, -10, -8, -3, 1, 19, 43, 80, 94, 75, 46, 14, 0, -12, -4, -6, -8, -8, -3, -7, -9, -13, -12, -9, -12, -13, -12, -14, -9, -15, -13, -17, -12, -11, -11, -6, 8, -8, -17, -24, -11, -28, 51, 30, -75, -24, -19, -6, -11, -5, 0, 13, 34, 69, 91, 86, 58, 22, 0, -4, -9, -7, -7, -3, -5, -8, -10, -12","-3, -8, -9, -9, -8"
"6, -3, -1, 3, 20, 50, 63, 58, 36, 11, -2, -7, -7, -8, -6, -10, -10, -16, -13, -13, -11, -11, -11, -7, -5, -9, -8, -7, -6, -6, -10, -8, -7, -3, -6, -12, -11, -10, -11, 0, 2, 78, 20, -41, 2, -12, -3, -7, -1, 2, 12, 31, 54, 74, 79, 59, 28, 11, 5, 0, -1, -5, -7, -9, -7, -5, -5, -5, -7, -5, -9, -8, -11, -10, -11, -16, -18, -16, -14, -5, -9, -15, -16, -11, -18, -5, -6, 76, 17, -52, -13, -29, -17, -18, -12, -8, 1, 18, 39, 59, 66, 44, 16, -2, -11, -14, -21, -16, -20, -15, -15, -12, -9, -7, -7, -8, -4, -8, -5, -6, -11, -13, -9, -9, -6, -5, -1, 3, 7, 19, nan, nan, nan, nan, nan, 4, 12, 100, 30, -29, 15, 3, 19, 18, 11, 4, 9, 19, 40, 54, 56, 36, 8, -9, -14, -16, -13, -13, -13, -14, -12, -10, -9, -13, -13, -15, -17, -17, -14, -13, -11, -10, -8, -8, -8, -4, -5, -5, 2, -2, -16, -20, -16, -17, -10, -11, 49, 68, -51, -9, -12, -5, -4, -2, -4, 1, 15, 33, 57, 69","10, 4, 3, 8, -3"
"7, 2, 2, 6, 0, 3, -2, 3, -4, -9, -2, -12, -8, -7, 5, 12, -15, -16, -17, -16, 5, 80, 6, -35, -11, -20, -8, -3, -3, 6, 13, 43, 71, 80, 72, 33, -3, -19, -29, nan, nan, nan, nan, nan, -23, -24, -27, -28, -25, -25, -28, -26, -31, -21, -24, -26, -15, -16, -9, -10, -18, -22, -27, -28, 49, 72, -40, -19, -12, -10, 0, 1, 8, 19, 41, 66, 90, 100, 71, 28, 2, -4, -11, -5, -8, -4, -2, -5, -2, -5, -12, -9, -13, -8, -6, 0, 2, -8, -20, -19, -15, -7, 84, 20, -42, -11, -13, -15, -5, 4, 4, 14, 45, 71, 90, 80, 40, 7, -12, -23, -17, -14, -22, -17, -9, -14, -18, -17, -22, -21, -21, -24, -26, -16, -22, -20, -20, -27, -22, -19, -24, -18, -22, -24, -17, -11, 1, -9, -16, -22, -25, -3, 81, 49, -30, -9, -11, -5, -2, 4, 13, 23, 43, 61, 96, 85, 54, 21, -5, -10, -12, -14, -11, -14, -8, -11, -6, -14, -16, -12, -9, -14, -16, -13, -13, -14, -14, -13, -12, -14, -17, -11, -4, 0, 6, 3, -17, -21, -20, -4","-23, -17, -31, -18, -23"
"2, 5, 11, 7, -1, 2, 0, -3, -7, 0, -9, -1, 9, 1, 0, -12, 0, -39, 78, 33, -60, 1, -14, 0, -7, 2, 3, 13, 22, 37, 39, 31, 21, -5, -11, -13, -13, -14, -11, -10, -9, -10, -13, -14, -15, -18, -14, -16, -19, -14, -15, -13, -5, -7, -7, -19, -5, -33, 30, 78, -75, -14, -10, nan, nan, nan, nan, nan, 29, 32, 41, 43, 36, 13, 1, -4, -11, -6, 1, 0, 1, 2, 1, -5, -2, -7, -6, -3, -4, -4, -6, 0, -2, 9, 4, 7, -10, 4, -34, 63, 48, -76, -2, -9, 2, -1, 9, 8, 14, 20, 32, 42, 39, 28, 9, -8, -18, -16, -12, -14, -6, 0, -14, -10, -11, -13, -16, -14, -17, -13, -12, -15, -14, -12, -8, 3, -4, -16, -15, -25, -8, 100, -47, -32, -3, -8, -2, 0, 3, 4, 18, 26, 40, 44, 39, 15, 0, -5, -16, -13, -7, -4, 1, 3, -2, 0, -6, -11, -6, -3, -11, -10, -5, -11, -10, -8, -12, -8, -7, 4, 2, 0, -15, 2, -35, 50, 74, -56, 2, -7, 2, 5, 5, 1, 16, 21, 31, 45, 44, 34","-8, -1, 2, 4, 13"
"22, 51, -56, -39, -41, -38, -33, -36, -35, -15, -21, -9, -4, 5, 4, -19, -28, -25, -26, -27, -19, -19, -18, -26, -25, -16, -17, -21, -21, -24, -15, -10, -6, -16, -25, -21, 18, 100, -16, -19, -15, -12, -17, -17, -3, -3, 11, 10, 21, 23, 17, 9, -3, -12, -3, -6, -5, -6, -2, -5, -14, 4, -9, -12, -3, -12, 4, 3, -10, -6, -23, 67, 84, -32, 1, -14, -6, -1, 3, 5, 11, 13, 30, 38, 36, 19, nan, nan, nan, nan, nan, 1, 5, -1, -2, -8, -7, -1, -7, 8, 1, -22, -1, -27, 53, 90, -31, -7, -12, -15, -18, -5, -5, -3, 1, 13, 21, 13, 22, -2, -10, -12, -18, -15, -23, -5, -17, -11, -19, -17, -15, -17, -2, -6, -23, -6, -31, 55, 80, -28, -9, -23, -9, -8, -5, -10, 1, 6, 18, 17, 25, 16, 2, -9, -4, -11, -6, -12, -3, -7, -6, -9, 0, 4, -4, -21, 0, -18, 85, 38, -31, 1, -13, -3, -5, -2, 1, 6, 13, 25, 20, 27, 13, 0, -9, -13, -14, -3, -9, -6, -8, -16, -6, -10, 7, 0, -14, -4, -26, 60","16, 4, -9, 4, -2"
"4, -2, -13, -27, -14, -3, 53, -2, -37, -8, -21, -10, -9, -6, 8, 18, 25, 53, 68, 63, 43, 4, -15, -19, -28, -23, -21, -26, -21, -19, -13, -15, -15, -20, -13, -18, -23, -15, -14, -14, -10, -6, -23, -29, -9, -14, 81, 33, -23, -3, -31, -12, -29, -7, -10, 10, 28, 66, 82, 100, 65, 20, -11, -31, -28, -39, -27, -25, -15, -8, -11, 8, -12, -18, -19, -18, -10, -3, -7, -13, -11, -8, 11, 60, -8, -22, -3, -20, -10, -4, -5, 12, nan, nan, nan, nan, nan, 25, 1, -11, 0, -10, -2, -5, -3, -6, 0, -6, -4, 2, 0, 8, 3, -12, -6, -13, 6, 58, -28, -23, -18, -9, -11, -4, -3, 10, 14, 33, 51, 59, 53, 1, -12, -24, -27, -26, -25, -29, -30, -26, -20, -20, -22, -21, -15, -21, -15, -5, -6, -16, -20, -21, 0, 60, -11, -27, -9, -15, -11, -4, -3, 6, 19, 43, 57, 66, 65, 30, 0, -7, -15, -19, -10, -14, -13, -7, -15, -16, -12, -15, -8, -19, -12, -4, 0, 1, -6, -20, -10, -3, 78, 11, -29, -1, -2, 1, -2, 15, 11, 23","20, 39, 49, 67, 54"
"-7, -4, -8, -6, -8, -2, -11, 0, -6, -9, -6, -5, -10, -4, -4, -9, -7, -7, -6, -8, 0, -2, 13, 10, -9, -8, -16, -6, -16, 82, 80, -32, 1, -13, 2, -4, 0, 0, 17, 25, 44, 69, 77, 38, -4, -5, -6, -10, -10, -7, -10, -9, -6, -4, -10, -1, -5, -1, -11, -9, 0, -4, -9, -8, -8, 0, -2, -3, -8, -2, -9, -4, -6, -8, -10, -3, -6, -14, -4, -1, -15, -4, 1, 10, 7, -14, -14, -9, -12, -2, 94, 9, -31, -9, -14, -11, -4, -4, 1, 12, 23, 45, 64, 48, 16, 0, -16, -17, -19, -18, -25, -21, -19, -13, -17, -14, -16, -17, -16, -18, -14, -20, -1, -3, 7, -16, -12, -17, -12, -18, 44, 89, -31, -6, -4, -4, 0, 3, nan, nan, nan, nan, nan, 83, 52, 9, -1, -1, -2, -6, -5, -8, -2, -1, -6, -2, -3, -3, 0, -3, -2, 1, 0, -5, -1, 4, 0, -3, -1, 2, -1, -1, -4, -20, -28, -47, -44, -36, -27, -23, -27, -17, -7, 3, 3, -10, -17, -11, -13, -13, 66, 100, -25, -11, -3, -3, -1, -3, 10, 7","4, 10, 32, 48, 70"
"0, 0, -3, 2, 0, -9, -10, nan, nan, nan, nan, nan, -53, -7, 1, 3, 7, 15, 27, 41, 49, 33, 11, -1, -4, -3, -9, -5, -3, -3, -1, 0, 2, 3, -2, -3, -7, 0, -9, 54, -55, -87, -8, -2, 8, 6, 14, 21, 37, 46, 45, 22, 5, -7, -6, -8, -7, -5, -5, -6, -1, -2, 0, 2, -8, -5, -9, 0, -8, 52, -67, -94, -18, -2, 2, 5, 16, 24, 36, 50, 44, 20, 0, -10, -8, -16, -12, -11, -11, -9, -8, -6, -2, -1, -7, -8, -9, -6, -3, 41, -77, -75, -9, 0, 9, 9, 17, 25, 39, 53, 44, 24, 8, 0, 2, 0, -1, 1, 1, 3, 3, 0, 8, 0, -3, -2, 0, -9, 38, -12, -97, -21, -6, 1, 0, 6, 9, 23, 32, 35, 15, 0, -12, -15, -12, -13, -12, -7, -8, -5, 0, -3, -7, -11, -8, -9, -19, 8, 20, -100, -52, -12, -1, -2, 2, 9, 23, 33, 42, 33, 6, -4, -5, -4, -6, -6, 3, 0, 2, 8, 9, 14, 8, 6, 0, 8, -6, 41, 23, -83, -8, 24, 33, 25, 24, 24, 26, 31, 32, 13","-7, -17, 16, 20, -110"
"-3, -8, -9, -8, 1, 1, 9, -5, -16, -9, 0, 100, -34, -55, -8, -18, -2, -2, 9, 21, 43, 56, 57, 39, 14, -1, -7, -8, -8, -11, -13, -13, -15, -13, -4, -1, 0, -12, -24, -20, -4, 94, -46, -62, -13, -24, -10, -7, 4, 17, 36, 58, 54, 31, 9, -8, -12, -13, -14, -14, -16, -19, -19, -13, -7, -3, -3, -8, -23, -17, -12, 99, -23, -68, -12, -25, -7, -6, 7, 16, 36, 55, 56, 41, 14, 0, -8, -6, -9, -9, -10, -14, -15, -9, nan, nan, nan, nan, nan, -25, 28, 88, -73, -37, -19, -15, -10, -6, 7, 23, 46, 58, 52, 31, 9, -5, -7, -8, -7, -9, -14, -14, -12, -5, 0, 3, -2, -22, -12, -28, 88, 16, -86, -18, -31, -16, -13, 0, 7, 27, 45, 55, 39, 12, -5, -13, -15, -16, -18, -20, -22, -22, -18, -8, -9, -5, -24, -21, -31, 23, 82, -78, -35, -19, -16, -9, -2, 9, 27, 50, 60, 53, 33, 5, -7, -7, -8, -10, -7, -12, -8, -5, -1, -4, -6, -19, -9, -16, 64, 2, -73, -9, -17, -1, -2, 8, 19, 38, 60, 67","-1, 0, 0, -19, -17"
"1, -21, 65, 43, -20, 1, 0, 1, 0, 5, 11, 18, 24, 34, 34, 27, 3, -3, -8, -6, -7, -7, -6, -7, -7, -7, -9, -10, -12, -11, -11, -11, -8, -6, -1, -13, -11, -17, -12, -28, 46, 57, -28, -1, -12, 0, -7, 5, 6, 13, 24, 32, 32, 27, 8, -4, -9, -9, -11, -7, -7, -6, -8, -10, -13, -9, -9, -16, -10, -7, -2, 0, -11, -8, -19, -8, -28, 55, 64, -24, -2, -8, -1, -1, 2, 3, nan, nan, nan, nan, nan, 8, -3, -10, -6, -11, -9, -5, -8, -9, -10, -10, -11, -8, -13, -6, -9, 0, -8, -8, -19, -6, -31, 33, 92, -24, -6, -9, -1, -2, 0, 0, 15, 23, 27, 38, 23, 9, -6, -10, -7, -9, -9, -4, -9, -9, -9, -14, -10, -11, -11, -14, -7, -2, -12, -14, -15, -13, -26, 12, 100, -10, -13, -7, -9, -1, -3, 4, 7, 22, 34, 32, 30, 11, -1, -9, -10, -9, -6, -10, -8, -5, -8, -14, -6, -12, -12, -8, -4, -3, -6, -14, -12, -18, -16, -11, 87, 13, -16, -5, -6, 0, 0, 0, 14, 17, 30, 35, 31, 16","13, 28, 29, 37, 25"
"1, -3, 6, -4, 3, 0, 0, 1, -3, -1, -7, -4, -4, -8, -4, -7, -5, -6, -8, -5, 1, 16, 23, 0, -15, -11, -16, 100, -34, -53, -8, -17, -6, -7, -1, -1, nan, nan, nan, nan, nan, 72, 49, 18, 0, -9, -15, -15, -15, -14, -15, -10, -8, -11, -19, -10, -8, -16, -13, -14, -12, -12, -13, -10, -17, -10, -2, 16, 19, -7, -11, -19, -5, 96, -53, -49, -10, -17, -8, -7, -2, 0, 10, 19, 37, 51, 64, 72, 51, 18, -7, -10, -12, -14, -13, -10, -12, -6, -10, -8, -9, -12, -9, -14, -14, -8, -13, -12, -11, -6, -17, -9, -9, -14, -5, 5, 17, 13, -17, -4, -30, 71, 27, -84, -10, -17, -9, -9, 1, 0, 2, 17, 25, 45, 61, 66, 65, 31, 4, -9, -11, -14, -12, -9, -9, -12, -10, -5, -9, -12, -15, -11, -8, -9, -12, -15, -10, -10, -9, -11, -13, -9, -10, -4, 9, 18, 6, -20, -4, -32, 84, 12, -76, -7, -20, -3, -11, -5, -3, 10, 19, 24, 43, 56, 66, 66, 31, 3, -10, -9, -10, -13, -10, -15, -8, -7, -11, -9, -11, -9","6, 18, 31, 46, 63"
"-3, -8, -8, -9, -6, -6, -5, -5, -2, -3, -2, -2, -3, -2, -3, -2, -3, -4, 0, 3, -3, -2, -4, -5, -5, -4, 100, 52, -7, -1, -5, -3, -4, -3, 0, 0, 5, 10, 20, 27, 26, 13, 1, -2, -2, -3, -2, -4, -5, -6, -5, -4, -6, -5, -6, -5, -7, -6, -6, -6, -5, -6, -4, -1, 0, -2, -7, -7, -11, -6, -20, 69, 69, -14, -6, -15, -9, -12, -10, -8, -8, -2, 3, 12, 21, 21, 9, -2, -7, -9, -6, -7, -8, -8, -7, -6, -5, -5, -6, -6, -6, -6, -6, -7, -7, -4, -5, 1, 2, -7, -3, -6, -1, -14, 40, 90, 1, nan, nan, nan, nan, nan, -3, 1, 1, 9, 16, 26, 28, 18, 6, -4, -5, -5, -8, -8, -9, -9, -9, -8, -8, -8, -7, -8, -7, -8, -10, -8, -8, -8, -7, -5, -1, -2, -10, -6, -13, -5, -18, 38, 98, 4, -7, -7, -8, -8, -6, -4, -4, -2, 5, 10, 18, 24, 17, 5, -1, -3, -3, -3, -3, -4, -5, -6, -6, -6, -6, -2, -5, -5, -3, -3, -3, -5, -5, -4, -5, -5, -3, -1","-1, -6, -3, -3, -1"
"-1, 0, 0, -2, -6, -2, -1, -3, 0, -1, 0, -1, -3, -3, -3, -2, -4, -2, -7, -9, -4, -5, -2, 0, 8, 2, -7, -9, -14, -7, -20, 66, 92, -25, -8, -13, -5, -8, -1, 5, 0, 9, 20, 31, 47, 48, 39, 19, -3, -9, -10, -10, -12, -13, -9, -10, -13, nan, nan, nan, nan, nan, -10, -9, -11, -7, -9, -9, -8, -10, -9, -8, 5, 6, -4, -13, -12, -16, -10, -20, 93, 55, -30, -6, -15, -9, -9, -5, -4, 2, 4, 16, 31, 46, 48, 31, 6, -6, -9, -14, -14, -14, -12, -14, -12, -7, -13, -11, -10, -14, -11, -19, -10, -10, -9, -9, -9, -8, -8, -8, 2, 4, -2, -13, -11, -15, -11, -18, 91, 51, -29, -2, -10, -3, -5, 0, 2, 6, 8, 20, 36, 48, 52, 38, 13, 3, -3, 0, -4, -3, -4, 0, 0, 1, 1, 0, 0, -4, -7, -11, -9, -9, -8, -12, -8, -11, -13, -10, -3, 6, -3, -14, -14, -11, -15, -2, 100, 23, -22, -12, -17, -14, -11, -8, -9, -6, -2, 13, 25, 38, 37, 20, -5, -12, -12, -12, -12, -13, -11, -13","-9, -8, -8, -9, -12"
"-6, 1, -2, -1, 4, 6, 8, 15, 22, 37, 40, 38, 16, 4, -3, -7, -7, -7, -9, -7, -6, -9, -8, -11, -10, -10, -14, -12, -8, -12, -5, 1, -8, -8, -13, -20, -10, -20, 88, 29, -29, -6, -10, -4, -5, 2, 7, 10, 27, 34, 25, 19, 2, -12, -10, -8, -11, -8, -5, nan, nan, nan, nan, nan, -14, -7, -10, -11, -7, -3, 2, -7, -13, -9, -10, -12, -18, 96, 27, -25, -1, -8, 1, -4, 2, 9, 15, 27, 33, 36, 17, 2, 0, -8, -9, -4, -8, -6, -2, -6, -6, -6, -6, -8, -6, -7, -12, -10, -5, -3, -2, -6, -12, -11, -18, -14, -10, 96, 19, -17, -4, -10, -2, -2, 1, 7, 13, 25, 34, 32, 13, 1, -5, -12, -10, -10, -9, -10, -5, -5, -10, -7, -9, -9, -10, -12, -10, -9, -9, -6, 4, -10, -14, -8, -16, -11, -16, 100, 33, -20, -3, -14, 1, -2, 0, 4, 20, 28, 38, 38, 16, 2, -6, -10, -13, -7, -11, -6, -11, -6, -8, -10, -11, -10, -12, -9, -7, 0, -2, -14, -14, -16, -7, -29, 66, 64, -27, 0, -13, 0","-5, -6, -7, -11, -5"
"-2, -1, -1, 0, -4, -4, 0, -3, -5, -4, -3, -4, -3, -6, -3, 3, 4, -8, -5, -14, 83, 32, -22, -5, -10, -2, -9, -4, 0, 7, 13, 22, 27, 16, 1, -5, -3, -5, -7, -7, -4, -2, -2, -7, -7, -4, -5, -3, -7, -5, -6, -6, -4, 3, -2, -6, -15, 4, 100, 0, -15, -10, -12, -6, -8, -7, -1, 4, 14, 19, 19, 11, 0, -6, -6, -7, -6, nan, nan, nan, nan, nan, -6, -7, -8, -5, -8, -5, -11, -7, -2, 3, -8, -3, -25, 59, 73, -28, -3, -15, -1, -9, -5, -4, 0, 7, 19, 23, 19, 5, 0, -4, -5, -6, -4, -6, -4, -3, -7, -6, -5, -5, -8, -5, -4, -7, -6, -6, -4, 0, 1, -7, -7, -18, 89, 34, -22, -6, -11, -3, -11, -2, -2, 4, 12, 21, 21, 16, 3, -5, -8, -7, -8, -5, -6, -7, -6, -6, -5, -7, -8, -6, -8, -9, -6, -4, 2, -1, -9, -6, -15, 87, 19, -22, -5, -10, -5, -7, -4, 0, 3, 15, 25, 24, 13, 0, -4, -5, -4, -8, -5, -6, -2, -2, -5, -3, -4, -4, -6, -3","-5, -7, -4, -5, -6"
"-20, 57, 41, -29, -9, -21, -16, -16, -12, -13, -5, -7, 0, 8, 14, 19, 11, 0, -9, -13, -10, -12, -10, -10, -9, -11, -12, -9, -8, -8, -9, -8, -7, -8, -7, -5, -1, -5, -9, -11, -10, -12, -3, 87, 11, -7, -4, -11, -4, -3, -2, -5, 2, 6, 13, 20, 28, 30, 13, 2, -4, nan, nan, nan, nan, nan, -8, -7, -5, -5, -3, -7, -3, -4, -3, -5, -4, -2, -2, 2, 3, -4, -7, -10, -1, -19, 36, 88, -3, 0, -9, -4, -6, -3, -4, 0, 1, 4, 11, 20, 23, 21, 9, -3, -7, -4, -8, -9, -7, -8, -9, -9, -10, -8, -9, -8, -9, -10, -8, -8, -10, -12, -4, -3, -2, -13, -9, -14, -7, -23, 83, 51, -15, 2, -6, 0, -3, -1, 0, 1, 2, 11, 16, 26, 26, 18, 4, -5, -5, -8, -6, -7, -5, -6, -5, -4, -4, -7, -6, -7, -6, -4, -4, -6, -7, -5, -2, 1, 0, -2, -4, -8, -6, -16, 12, 100, 10, -1, -4, -5, -5, -3, -4, -1, -2, 3, 9, 12, 20, 18, 6, -6, -13, -12, -15, -15, -10, -9, -9, -8","-7, -6, -8, -7, -6"
"-2, nan, nan, nan, nan, nan, -3, -6, -7, -8, -6, -5, -2, -2, -2, 0, 3, 5, 11, 8, 5, -7, 1, -23, 40, 100, -13, -12, -9, -6, -6, -2, 1, 3, 8, 16, 22, 29, 22, 7, 2, -2, -1, -4, -2, 0, 0, -1, -1, -1, -6, -9, -8, -7, -7, -5, -8, -9, -3, -2, 4, 7, 1, -7, -10, -13, -13, 90, 18, -31, -8, -9, -3, -1, 5, 7, 13, 20, 28, 32, 28, 15, 2, -6, -10, -9, -8, -13, -13, -15, -18, -19, -18, -17, -18, -15, -17, -15, -12, -6, -3, -8, -10, -20, -13, -32, 7, 85, -16, -27, -19, -16, -11, -1, 0, 6, 15, 22, 31, 37, 34, 22, 15, 12, 14, 15, 12, 11, 3, -2, -3, -4, -3, -5, -5, -4, -4, -8, -5, -8, -3, 4, 1, -5, -16, -7, -23, 15, 96, -3, -17, -5, -8, -2, -2, 0, 1, 4, 13, 18, 26, 21, 6, 0, 0, 1, 0, -4, -1, -3, -3, -4, -5, -5, -3, -6, -4, -6, -9, -11, -9, -5, -6, 0, 6, 1, -5, -18, -14, -36, 45, 82, -24, -16, -16, -14, -12, -10, -10, -5","-5, -2, -3, -3, -4"
"-1, -5, -3, -3, -4, -7, -1, 1, 9, 0, -7, -15, -13, -8, 100, -12, -24, -1, -13, 1, 1, 5, 10, 19, 32, 34, 32, 16, -6, -11, -12, -12, -11, -10, -9, -13, -11, -11, -9, 0, 2, -3, -22, -10, -24, 7, 92, -39, -12, -15, -4, -2, -1, 6, 11, 19, 29, 33, 22, nan, nan, nan, nan, nan, -13, -12, -13, -12, -12, -13, -5, 2, -4, -14, -22, -10, -23, 92, -4, -36, -2, -14, 2, 0, 5, 6, 17, 26, 35, 34, 13, -5, -9, -11, -9, -11, -12, -5, -6, -4, -1, 1, -2, -13, -14, -12, -10, 83, -9, -23, -6, -10, -1, -1, 7, 11, 18, 29, 36, 24, 8, -8, -11, -9, -11, -12, -11, -11, -9, -3, 1, -2, -10, -19, -11, -28, 47, 30, -33, -5, -17, -5, -6, -2, 1, 10, 20, 27, 23, 7, -6, -9, -11, -8, -7, -11, -10, -11, -3, 0, 1, -1, -13, -8, -18, 8, 57, -22, -8, -5, -3, -2, 1, 6, 10, 20, 28, 30, 21, 4, -4, -8, -5, -4, -6, -6, -3, -4, -6, -8, -6, -7, -8, -6, -8, -6, -2, 3, 2, -10","6, -7, -15, -14, -12"
"0, -2, 1, -3, -5, -5, -9, -4, -6, 0, -8, -6, -17, -11, -20, 6, 89, -4, -9, -11, -7, -1, -2, 1, 15, 28, 33, 33, 18, 2, -10, -11, -14, -12, -7, -12, -3, -5, -8, -7, -9, -9, -3, -6, -15, -15, -8, -28, 3, 100, -1, -10, -8, -7, -7, 0, 1, 12, 24, 29, 28, 17, 0, -11, -5, -10, -9, -10, -7, -4, -6, -6, -8, -9, -10, -8, -6, -3, -11, -13, -16, -8, -32, 90, 42, -20, -3, -12, -5, -8, -1, 7, 16, 31, 34, 22, 3, -7, -9, -8, -11, -11, -9, -7, -2, -8, -8, -5, -9, -13, -5, -9, -7, -1, -1, -11, -12, -12, -8, -33, 88, 59, -15, -3, -10, 0, -3, 3, 4, 17, 31, 35, 27, 8, -2, -10, -9, -8, -8, -4, -7, -8, -5, -3, -7, -8, -6, -9, -12, nan, nan, nan, nan, nan, -5, -12, -11, -18, -6, -29, 91, 48, -13, -3, -12, -4, -5, 3, 6, 21, 33, 36, 27, 10, -2, -7, -10, -8, -9, -7, -3, -3, -5, -3, -4, -6, -6, -4, -8, -12, -7, -11, -8, -10, -7, 2, -8, -9, -21, -3","-10, -12, -10, -8, 0"
"4, 5, 0, 23, 91, -57, -31, -1, 0, 3, 7, 28, 52, 70, 67, 37, 0, -9, -5, -10, -18, -17, -16, -26, -23, -21, -26, -25, -15, -7, 14, nan, nan, nan, nan, nan, -52, -98, -33, -36, -24, -15, 2, 27, 59, 75, 70, 32, 12, 0, -9, -7, -3, -12, -7, -8, 3, 8, 30, 0, -24, -9, -22, 93, -42, -83, -24, -22, -6, -10, 26, 43, 70, 81, 62, 29, 4, -2, -9, -9, -13, -14, -15, -12, 0, -8, -11, -30, -16, -29, 37, 10, -100, -39, -23, -15, -12, 0, 32, 43, 46, 51, 26, -2, -11, -7, -8, -11, -12, -9, 2, 13, 9, -15, -15, -23, 4, 48, -78, -50, -12, -19, -6, 3, 24, 47, 67, 62, 47, 16, -2, -6, -10, -5, -4, -16, -6, -6, 8, 5, -16, -22, -29, -4, 56, -79, -55, -23, -23, -8, 2, 12, 43, 70, 68, 43, 12, -4, -14, -5, -12, -11, -10, -18, -15, -20, -6, 5, 12, -13, -25, -26, -13, 75, -68, -66, -27, -14, -15, -3, 14, 41, 66, 71, 60, 21, 3, -6, -4, -3, -11, -4, -5, -14, -8, -14, -4, 14, 21, -7","-7, -28, -27, -36, 61"
"-1, -5, 2, 10, 15, 21, 27, 9, -4, -5, -5, -6, -7, -5, -9, -8, -8, -8, -6, -10, -7, -5, -1, 4, -4, -9, nan, nan, nan, nan, nan, -7, -15, -8, -9, -5, -3, 3, 12, 22, 23, 21, 6, 0, -6, -8, -7, -8, -4, -6, -7, -7, -5, -5, -8, -5, 2, 4, -9, -6, -20, 18, 88, 7, -9, -11, -13, -9, -7, -10, 5, 0, 17, 15, 24, 12, -2, -6, -9, -8, -10, -7, -12, -8, -8, -10, -11, -8, -6, 4, -3, -16, -4, -27, 50, 75, -6, -7, -16, -9, -11, -10, -2, -1, 6, 15, 21, 19, 9, -4, -8, -8, -6, -8, -7, -10, -7, -6, -7, -9, -9, -2, 7, -1, -10, -2, -25, 53, 82, -4, -4, -14, -9, -9, -2, -5, 1, 9, 18, 20, 22, 10, -1, -9, -6, -6, -10, -8, -10, -9, -8, -12, -8, -8, -10, -1, 5, -8, -10, -16, -10, 88, 35, -12, -14, -14, -11, -12, -8, -5, 0, 7, 19, 19, 19, -1, -4, -7, -8, -5, -7, -5, -6, -6, -6, -9, -6, -7, -7, 1, 2, -7, -5, -16, 9, 100, 20, -10, -10, -12","-8, -18, 70, 49, -10"
"-1, 6, 0, -4, -6, -3, -5, -10, -5, -5, 2, -5, -7, -9, 4, -21, 86, 38, -86, -9, -3, 4, 3, 12, 16, 30, 43, 55, 56, 24, -4, -12, -22, -13, -12, -20, -9, -12, -12, -7, -16, -10, -9, -18, -15, -13, -9, -14, -14, 0, -5, -19, -6, -32, 72, 60, -97, -12, -15, 1, -3, 9, 15, 20, 35, 56, 58, 34, 1, -12, -15, -8, -10, -12, -15, nan, nan, nan, nan, nan, -10, -9, -9, -9, -7, -5, -6, -15, 2, -27, 49, 86, -87, -27, -7, 3, 2, 9, 18, 20, 47, 51, 56, 34, 5, -5, -15, -10, -17, -6, -8, -16, -10, -10, -11, -14, -13, -14, -10, -12, -8, -12, -2, -8, -5, -20, -8, -17, 99, 14, -87, -1, -14, 6, 3, 17, 12, 26, 48, 58, 53, 24, -5, -17, -15, -16, -14, -13, -15, -10, -11, -12, -13, -11, -11, -12, -12, -12, -17, -1, 1, -24, -1, -23, 55, 86, -94, -18, -3, 8, 2, 8, 18, 25, 41, 59, 61, 33, 10, -11, -16, -14, -17, -4, -14, -2, -11, -12, -3, -12, -7, -15, -6, -21, -16, -11, -5, -5, -13, -21","-12, -5, -10, -9, -9"
"-5, -9, -4, -1, 2, 5, 2, 2, -3, -1, -3, -10, -6, -3, 7, 11, 1, -12, -2, -13, 88, 9, -37, 6, -9, -4, -3, 0, 0, 6, 9, 19, 33, 41, 46, 38, 17, -4, -14, -15, -16, -14, -15, -15, -14, -12, -14, -14, -16, -9, -10, -8, 0, 11, 2, -18, -9, -28, 34, 81, -31, -8, -23, -18, -18, -15, -13, 0, 0, 6, 17, 27, 36, 31, 19, 0, -12, -19, -19, -14, -15, -10, -9, -7, -6, -6, -7, -6, -5, -5, 2, 17, 5, -9, -12, -13, nan, nan, nan, nan, nan, -10, -4, -4, -6, 0, 5, 11, 18, 27, 39, 41, 29, 11, -4, -10, -13, -9, -12, -14, -11, -13, -13, -14, -14, -14, -14, -8, -8, -3, 11, 0, -20, -17, -21, -10, 100, -13, -21, -10, -17, -12, -9, -5, -2, 1, 10, 18, 28, 41, 43, 29, 8, -3, -8, -13, -10, -13, -13, -9, -6, -8, -6, -7, -8, -7, -7, -3, -3, 14, 13, 2, -11, 0, -23, 61, 76, -34, 0, -18, -5, -10, -8, -8, -6, 0, 9, 16, 31, 34, 33, 14, -4, -15, -17, -21, -20, -18, -19, -14","1, 109, 0, -10, -5"
"1, -6, -4, -3, 2, 1, -8, 3, -11, 0, -5, 0, 1, 6, 0, -2, -5, 2, 24, -76, -62, 2, -3, 17, 12, 20, 21, 35, 40, 53, 45, 23, 5, 6, -6, -6, -9, 0, 4, -1, -1, -5, -2, -3, 7, 0, -12, -9, -4, -12, 14, -47, -92, -12, -2, 14, 0, 10, 24, 20, 36, 53, 39, 22, 5, -4, -7, -6, -12, -16, -6, -1, -14, -4, -8, -19, -8, -5, -2, 3, -1, -17, -3, -14, 2, -4, -100, -28, 1, 0, 7, 14, 25, 26, 35, 45, 36, 23, 18, 0, -10, -1, -6, -8, -6, -2, -2, -5, 4, -4, -2, -4, 0, 2, 0, -2, -3, -10, 4, 2, -91, -38, 1, 1, 11, 13, nan, nan, nan, nan, nan, 29, 8, -1, -2, -13, -7, -6, -1, -15, 1, 1, 1, -7, -5, -7, -11, 1, 5, 4, -2, -8, -1, -6, 9, -68, -71, -2, -7, 9, 0, 12, 9, 31, 40, 33, 41, 28, -1, -5, 3, -5, -6, -12, -1, -8, -7, -3, -7, -14, 1, -10, -6, 0, 2, 0, -1, -5, -6, 1, 11, -71, -70, 1, 0, 12, 6, 10, 28, 27","21, 14, 20, 40, 40"
"3, -6, -4, -14, -7, -6, 7, 3, -8, -23, -9, -15, 48, -27, -52, -1, -6, 0, 0, 14, 15, 41, 66, 81, 48, 11, -13, -24, -30, nan, nan, nan, nan, nan, -2, -2, -6, 3, 9, 4, -4, -15, -18, -27, 32, -22, -75, -5, -19, -5, -13, 4, 11, 34, 61, 77, 56, 2, -18, -39, -34, -33, -29, -18, -12, -14, -10, -15, -20, -16, -16, -3, 15, -7, -3, -6, -26, 50, -33, -64, -4, -29, -4, -20, 0, 24, 62, 93, 100, 80, 37, 16, -10, 3, 0, 0, 8, 6, -3, 4, 1, 2, 3, 16, -1, -14, -12, -20, 10, 30, -76, -13, -24, -7, -17, -2, -4, 21, 49, 73, 72, 31, -6, -30, -23, -25, -17, -18, -23, -21, -15, -27, -28, -19, -12, -4, -17, -28, -15, -37, 23, 7, -92, -21, -27, -7, 0, 11, 17, 42, 64, 80, 73, 28, -11, -27, -21, -5, -10, -10, 0, -2, 1, 0, 8, 1, 13, 8, -6, -7, -4, 5, 51, -47, -21, 5, 3, 2, 9, 19, 32, 62, 82, 91, 50, 12, -13, -22, -33, -26, -25, -25, -28, -36, -36, -34, -28, -22, -38, -51","-21, -3, 1, -5, -4"
"-4, -6, 0, -1, 1, 8, -2, 3, 0, 0, -3, -6, -6, 0, -10, 0, 15, 17, -8, -14, -12, -6, -14, -17, -12, 90, 42, -26, -2, -3, -5, -3, -4, 7, 16, 25, 27, 48, 59, 35, 9, -12, -17, -18, -22, -12, -12, -11, -9, -9, -11, -6, 0, -16, -14, -12, -5, -15, -15, -10, -14, -16, -7, 3, 9, -8, -18, -13, -10, -19, -12, -8, 100, 32, -21, -2, -15, 2, 0, 0, 2, 13, 24, 37, 47, 50, 35, 6, -11, nan, nan, nan, nan, nan, -12, -15, -2, -13, -11, -10, -11, -4, -12, -3, -11, -8, -8, -1, 0, 10, 1, -18, -19, -18, -16, -25, 6, 87, 9, -23, -12, -6, -8, 0, -3, 2, 19, 21, 41, 54, 48, 30, 2, -11, -9, -20, -18, -13, -17, -9, -6, -13, -10, -7, -9, -8, -10, -13, -8, -4, 4, 8, -4, -21, -9, -18, -12, -17, -10, 96, 24, -24, -2, -19, 4, -4, 0, 3, 10, 24, 42, 45, 56, 23, 5, -14, -18, -12, -23, -20, -14, -18, -6, -7, -12, -8, -8, -13, -9, -14, -9, -12, -6, -14, -7, -3, 11, 9, -11, -16","-13, -19, -11, -20, -10"
"1, 3, -8, -1, -1, -3, -13, -17, -7, -9, -7, -8, -14, -20, -14, -14, -12, -19, -18, -17, -3, -1, -11, -12, -22, -23, -26, -22, -14, 74, 26, -22, 9, -1, 10, 6, 7, 17, 30, 44, 65, 91, 97, 97, 52, 5, -4, -20, -21, -18, -12, -6, -13, -14, -15, -13, -16, -21, -20, -23, -27, -18, -24, -31, -23, -27, -27, -22, -15, -5, -18, -22, -27, -25, -25, -32, -7, 83, 6, -22, 7, -10, 1, -4, 4, 20, 29, 36, 61, 79, 100, 80, 35, -7, -26, -21, -28, -20, -24, -12, -6, -15, -9, -7, -15, -14, -6, -9, -11, -17, -16, -22, -19, -17, -4, nan, nan, nan, nan, nan, -24, -19, -39, 52, 50, -33, -3, -19, -2, 9, 4, 10, 20, 41, 62, 78, 88, 89, 64, 19, -12, -20, -16, -15, -14, -17, -11, -11, -10, -14, -17, -20, -22, -15, -18, -18, -17, -17, -20, -18, -21, -15, -11, -18, -10, -11, 10, 2, -8, -12, -12, -20, -19, -19, 11, 79, -4, -8, 4, 1, 4, 8, 17, 13, 31, 47, 63, 89, 91, 77, 28, -16, -23, -19, -15, -18, -15, -16, -15, -17","0, -15, -15, -27, -24"
"0, 0, -1, 0, -1, -2, -4, -3, -4, -3, -5, -4, -4, -4, -4, -3, -4, -3, -1, -4, -3, -6, -6, -12, -1, 92, 21, -14, -2, -6, -1, -2, 3, 7, 12, 17, 18, 10, 1, -3, -5, -5, -5, -4, -5, -4, -6, -5, -4, -4, -6, -6, -5, -6, -5, -6, -6, -6, -6, -5, -5, -5, -4, -3, -3, -2, -5, -8, -8, -6, 91, 36, -15, -1, -7, -2, -3, 2, 5, 12, 16, 17, 10, 2, -4, -4, -5, -5, -4, -6, -6, -5, -5, -6, -5, -5, -6, -6, -6, -5, -6, -6, -7, -6, -5, -6, -6, -5, -5, -1, -3, -2, -8, -3, -16, 20, 100, 6, -8, -4, -5, -1, 0, 2, nan, nan, nan, nan, nan, 0, -2, -4, -5, -5, -5, -5, -4, -4, -4, -4, -4, -4, -4, -5, -6, -5, -4, -5, -5, -4, -3, -5, -5, -2, -2, -3, -3, -8, -6, -14, 86, 51, -16, 0, -9, -1, -3, 0, 4, 10, 16, 16, 13, 2, -3, -7, -6, -6, -7, -6, -6, -6, -6, -5, -5, -5, -6, -6, -7, -7, -7, -7, -6, -7, -6, -4, -3, -5, -3, -11","7, 13, 16, 18, 10"
"0, -1, -2, -2, -2, -2, -3, -3, -3, -2, -3, -2, -3, -3, -3, -3, -2, -3, -3, -3, -4, -3, -3, -3, -3, -4, -3, -1, 0, -2, -1, -9, 0, -20, 47, 92, -6, 0, -6, -1, -3, 0, 2, 6, 11, 18, 23, 23, 12, 1, -3, -4, -6, -4, -5, -5, -6, -5, -4, -5, -6, -5, -6, -6, -7, -6, -6, -7, -6, -6, -6, -6, -7, -6, -7, -6, -6, -8, -5, -4, -3, -5, -4, -8, -8, -16, 8, 100, 14, -11, -4, -8, -3, -3, 0, 2, 8, 14, 21, 23, 16, 4, -1, -4, -4, -4, -4, -4, -4, -4, -4, -4, -4, -4, -4, -4, -5, nan, nan, nan, nan, nan, -5, -4, -4, -4, -3, -5, -5, -4, -6, -4, -4, -2, -2, -3, -3, -10, -3, -20, 52, 87, -9, -1, -5, -2, -3, 0, 1, 7, 10, 17, 24, 22, 13, 2, -4, -3, -5, -4, -5, -5, -5, -6, -5, -6, -5, -6, -6, -6, -7, -6, -6, -7, -6, -6, -6, -6, -6, -6, -7, -6, -5, -5, -3, -2, -3, -3, -7, -5, -11, 1, 98, 27, -12, -2, -7, -2, -3, 0","-4, -4, -5, -4, -5"
"-2, -1, -4, -3, -1, -1, 0, -2, -4, -2, -4, -2, 2, 7, 2, -3, -13, 2, -26, 52, 63, -38, 3, -18, -6, -10, -5, -6, 0, 6, 18, 30, 34, 24, 5, -1, -4, -6, -6, -5, -4, -3, -5, -4, -3, -6, -4, -4, -4, -5, -6, -4, 0, 5, -3, -6, -10, -7, -11, 98, -2, -21, -10, -14, -9, -13, -9, -2, 0, 9, 24, 34, 33, 14, 0, -3, -7, -6, -6, -6, -6, -5, -6, -8, -6, -7, -7, -9, -8, -4, -7, -5, -5, 1, 1, -4, -12, -5, -20, 11, 100, -26, -9, -16, -11, -13, -9, -8, -3, 2, 12, 28, 38, 29, 13, -1, -3, -2, -6, -5, -6, -6, -2, -5, -3, -2, -3, -6, -4, -1, -4, -5, -7, -6, -5, 0, nan, nan, nan, nan, nan, -21, 19, 99, -30, -4, -16, -6, -11, -5, -9, -7, 0, 13, 22, 36, 28, 10, -1, -6, -6, -5, -8, -6, -5, -5, -4, -4, -5, -5, -5, -2, -6, -5, -4, -4, -4, -2, 0, 7, 3, -6, -6, -5, -12, 3, 97, -26, -14, -12, -8, -10, -9, -5, -4, 4, 12, 26, 37, 30","6, 0, -5, -12, -1"
"-2, -4, nan, nan, nan, nan, nan, -6, 0, -2, -10, -9, -12, 3, 99, 10, -13, -5, -8, -5, -3, 0, 9, 19, 26, 23, 20, 7, -6, -8, -9, -7, -7, -7, -6, -4, -7, -9, -9, -4, -4, -7, -20, -7, -24, 36, 82, -22, -8, -13, -8, -8, -1, 0, 7, 16, 21, 19, 11, -4, -10, -11, -12, -9, -10, -8, -9, -9, -9, -9, -9, -2, -7, -11, -15, -14, -8, 96, 14, -15, -5, -11, -4, 0, 2, 6, 16, 23, 23, 19, 6, -6, -9, -11, -9, -7, -8, -3, -4, -8, -7, -7, -1, -4, -12, -9, -15, -9, 93, 16, -20, -7, -14, -6, -7, -1, 5, 10, 19, 18, 13, 3, -8, -9, -12, -11, -10, -6, -11, -8, -6, -9, -6, -1, -10, -17, -9, -24, 39, 90, -16, -4, -14, -5, -6, -1, 1, 11, 17, 20, 21, 11, -3, -4, -8, -8, -10, -4, -4, -6, -7, -5, -7, -3, -2, -12, -10, -10, -6, 100, 22, -19, -6, -10, -4, -5, 1, 5, 13, 20, 20, 13, -1, -12, -15, -15, -13, -10, -8, -10, -12, -10, -11, -5, -8, -18, -13, -21, 12, 97","-3, -4, -6, -5, -7"
"0, 0, 3, 10, 0, 0, -17, 52, 66, -82, -25, -15, -6, -4, 0, 3, 11, 18, 21, 12, 8, 0, -3, -4, -3, -5, -3, -6, -3, -1, 6, -5, -3, -20, 56, 55, -81, -25, -17, -5, -5, 1, 3, 13, 21, 17, 12, 7, 0, -1, -4, -7, -6, -4, -7, -3, 0, 6, -9, -4, -25, 71, 31, -93, -23, -19, -4, -7, 3, 3, 15, 21, 18, 15, 10, 0, -3, -4, -5, -3, -1, -8, -3, -1, 5, -8, -4, -11, 100, -14, -83, -13, -15, 0, -5, 5, 9, 19, 21, 19, 16, 6, -3, -5, -2, -4, -3, -2, -8, 0, 1, 0, -5, -14, 24, 88, -72, -47, -15, -11, -2, -1, 3, 10, 17, 17, 15, 10, 1, -9, -5, -7, -4, -2, -7, -3, -2, 7, -11, -9, -4, 90, -32, -68, -10, -14, -4, nan, nan, nan, nan, nan, 16, 10, 4, -4, -5, -6, -5, -3, -6, -5, 0, 6, -6, -4, -16, 83, -2, -82, -12, -16, 0, -3, 3, 7, 16, 22, 18, 12, 6, 0, -4, -4, -3, -1, -2, -3, 0, 7, -2, -1, -18, 43, 65, -88, -32, -15, -8, -3","-6, 4, 10, 17, 20"
"-21, -36, -21, -11, 1, 23, 19, 30, 18, 12, 14, 16, 30, 1, -2, 6, -14, 95, 0, -47, 5, -13, 3, -6, 8, 3, 6, 21, 23, 32, 34, 20, 6, 0, -6, 5, -1, 1, -5, 6, 4, 5, 5, 5, 0, 3, 11, 15, 17, -3, 3, -19, 27, 95, -49, -17, -10, nan, nan, nan, nan, nan, 5, 18, 23, 30, 17, 3, -9, -11, -11, -16, -10, -17, -8, -10, -13, -11, -9, -17, -10, -14, -10, -8, -2, 2, -17, -15, -23, 2, 100, -52, -28, -15, -19, -20, -13, -18, -9, 0, 7, 14, 13, 17, 2, 0, -8, -17, -10, -10, -7, -9, -9, -8, -3, -7, -8, -10, -6, -7, -8, -9, 0, 2, 10, -2, -15, 1, -28, 72, 67, -60, 0, -6, 0, -2, 7, 8, 21, 23, 35, 50, 53, 50, 33, 25, 26, 15, 10, 6, 5, 10, 11, 6, -1, -5, -4, -9, -3, -14, -14, -17, -8, 2, -6, -15, -28, -9, -44, 50, 30, -83, -14, -30, -12, -17, -11, -12, -4, 0, 7, 21, 18, 13, 0, -6, -8, -16, -13, -10, -5, -5, -4, -8, -3, -2, -7, -5, -11, -3","-5, -9, -3, -1, 0"
"-3, -3, 0, -1, -1, 0, 0, 0, 0, 0, -1, 0, -1, -2, 0, 1, 1, 4, 5, -1, -1, -8, 30, 100, 5, -14, -16, -15, -13, -13, -10, -10, -1, 4, 13, 18, 19, 12, 2, -5, -6, -6, nan, nan, nan, nan, nan, -8, -6, -9, -10, -8, -9, -7, -6, 1, 1, 0, -13, -7, -15, 50, 85, -5, -8, -16, -9, -13, -11, -10, -5, -1, 9, 19, 23, 18, 11, 1, -3, -6, -9, -6, -8, -9, -8, -9, -10, -9, -6, -11, -7, -8, 0, 4, -1, -10, -3, -12, 37, 97, 2, -4, -13, -5, -8, -5, -6, -1, 1, 9, 19, 25, 20, 10, 1, -5, -6, -8, -8, -7, -8, -9, -9, -7, -12, -7, -10, -10, -6, 0, -5, -14, -12, -16, 16, 93, 7, -12, -16, -15, -14, -11, -9, -5, 0, 11, 19, 25, 22, 12, 3, -6, -7, -12, -8, -8, -9, -8, -6, -6, -8, -10, -6, -7, 0, -1, -8, -12, -3, -12, 79, 52, -14, -9, -17, -9, -13, -4, -6, 1, 7, 16, 25, 27, 18, 8, -3, -8, -8, -6, -8, -10, -6, -8, -7, -9, -7, -9, -8, -7","-6, -9, -6, -8, -8"
"10, 13, 0, -4, -3, 4, 6, -2, 12, -3, -2, 3, -2, -2, -7, -8, -7, -2, -4, -6, -18, -25, -20, -28, -27, -27, 92, 20, -31, -13, -25, -11, -12, -13, -2, 0, 17, 24, 26, 16, -3, nan, nan, nan, nan, nan, -6, -18, -8, -8, -9, -11, -15, -12, -8, -13, -3, 0, -2, -18, -14, -18, -2, -28, 63, 86, -14, 4, -7, 3, 6, 11, 15, 13, 30, 44, 45, 33, 14, 7, 0, -4, -2, -9, -7, -2, -6, -4, -8, -1, -10, -11, -11, -8, -9, -4, -8, -2, -2, -12, -17, -21, -13, -34, 46, 94, -25, -11, -14, -3, -13, 0, -2, 5, 15, 34, 31, 27, 16, -2, -11, -12, -5, -10, -9, -6, -7, -8, -12, -3, -12, -12, -11, -13, -10, -7, 2, -2, -11, -13, -8, -22, -10, -22, 90, 42, -32, 1, -9, -5, -5, 4, 1, 17, 28, 32, 37, 24, 10, -4, -6, -7, -9, -11, -5, -11, -4, -1, -11, -9, -6, -8, -15, 2, 3, -9, -11, -15, -11, -16, -24, 16, 100, -8, -11, -16, -11, -5, -4, 1, 0, 19, 31, 36, 27, 18, 0, -13, -10, -10","-12, -19, -14, -18, -15"
"0, -1, -9, -8, -8, -9, -5, 4, 8, 6, 15, 27, 39, 37, 36, 20, 10, -3, nan, nan, nan, nan, nan, -5, -3, -2, -6, -8, -4, -9, -6, -7, -6, -9, -11, -8, -7, -11, -9, -6, 0, 2, 0, -11, -9, -9, 96, 33, -14, -11, -14, -13, -17, -12, -13, -6, -8, -4, 10, 18, 21, 22, 3, 3, -16, -15, -9, -5, -9, -18, -3, -1, -3, -10, -1, -1, -1, 0, -2, -4, -1, 3, 1, -8, -2, 1, 3, -3, 4, 6, -6, -6, -7, 99, 35, -5, -1, -4, -3, -1, 0, 0, 3, 5, 16, 20, 28, 34, 26, 18, 6, -7, -7, -8, -11, -10, -11, -10, -13, -13, -14, -11, -11, -11, -20, -13, -15, -13, -20, -15, -14, -15, -11, -6, 2, -13, -14, -19, 14, 70, -11, -9, -8, -10, -5, 4, 0, 0, 7, 16, 21, 23, 37, 36, 37, 15, 4, -5, -4, -2, -7, -6, -2, -10, -5, -5, 1, -6, -14, -1, -6, -8, -9, -11, -12, -6, -8, -2, -3, -6, -10, -11, -15, 89, 20, -16, -13, -17, -13, -12, -8, -2, -4, 6, 9, 20, 27, 33, 30, 16","-2, -3, -3, -10, -6"
"-6, -13, -16, -8, -11, -13, -3, 6, -1, -25, -16, -14, 31, 85, -22, -30, -12, -9, -4, 8, 23, 66, 93, 89, 47, 28, 5, 3, 12, 3, 4, -7, -6, -7, -14, -9, -17, -17, -16, -19, -17, -21, -19, -17, -21, -8, -12, -22, -11, -14, -18, nan, nan, nan, nan, nan, -8, -3, 5, -3, -18, -18, 5, 95, 5, -40, -13, -22, -9, 0, 14, 37, 58, 77, 56, 34, 21, 6, 9, -3, 0, -5, -11, -12, -9, -14, -14, -12, -11, -8, -8, -9, -13, -3, -5, -11, -6, -12, -16, -16, -13, -12, -11, -10, -5, -1, 9, -14, -18, -23, 26, 72, -28, -36, -16, -16, -8, -1, 17, 39, 72, 82, 57, 33, 18, 0, 2, 1, -2, -8, -7, -11, -13, -14, -14, -11, -8, -18, -22, -13, -12, -15, -16, -22, -15, -13, -17, -15, -16, -13, -14, -9, -6, -1, 11, -2, -19, -13, 23, 92, -9, -33, -21, -20, -10, 3, 15, 37, 85, 100, 88, 58, 30, 14, 14, 2, 3, -4, -11, -17, -11, -14, -21, -18, -21, -22, -24, -15, -20, -23, -17, -22, -20, -21, -24, -18, -20, -23, -25, -15","-18, -13, -12, -16, -10"
"10, 15, 10, 8, 10, 11, 11, 14, 12, 0, 3, -2, 19, 37, -55, -10, -1, 2, 3, 0, 8, 11, 26, 31, 31, 22, 0, -9, -11, -10, -13, -12, -16, -20, -19, -24, -26, -26, -23, -24, -27, nan, nan, nan, nan, nan, -100, -45, -40, -37, -37, -31, -24, -10, -2, 7, 5, -7, -22, -26, -24, -23, -19, -16, -15, -11, -7, -5, -4, 1, 8, 15, 12, 13, 21, 13, 67, -3, -16, 33, 30, 38, 39, 46, 53, 62, 79, 79, 69, 51, 40, 34, 31, 30, 29, 28, 22, 18, 19, 15, 11, 10, 6, 3, -7, -4, -20, 23, -18, -73, -18, -23, -13, -23, -14, -9, -3, 11, 14, 4, -6, -21, -27, -25, -28, -23, -20, -22, -25, -26, -26, -24, -20, -25, -20, -15, -16, -27, -21, -33, 11, -10, -74, -22, -21, -9, -8, -4, 1, 11, 22, 33, 23, 12, 0, -2, -5, -2, -1, 0, -3, -5, -3, 0, -4, -2, -1, -1, 2, 4, 1, 0, -5, -4, -1, 52, -32, -29, 7, 5, 13, 12, 20, 23, 35, 46, 49, 42, 27, 16, 11, 11, 10, 12, 10, 8, 10, 7, 7, 1","-40, -31, -43, -10, -24"
"-4, -3, -8, -2, -4, 1, -9, 0, -7, -15, -2, -8, -6, -9, -15, -3, 5, 4, 3, 1, -23, -9, -20, 18, 8, -36, -7, -14, 2, 3, 6, -4, 27, 31, 48, 77, 97, 89, 51, 13, -11, -6, -15, -13, -13, -11, -10, -13, -10, -21, -10, -10, -18, -15, -22, -19, -11, -22, -19, -18, -22, -9, -5, -3, -5, -9, -29, -13, nan, nan, nan, nan, nan, -10, -10, -9, 0, 4, 18, 27, 61, 74, 95, 71, 42, 30, -10, -14, -6, -19, -11, -5, -12, -9, -10, -5, -4, -15, -12, -11, -18, -12, -10, -15, -15, 3, -6, -1, -11, -23, -27, -1, 28, -72, -29, -11, -7, -16, 0, 5, 3, 31, 37, 68, 100, 88, 60, 12, -9, -9, -9, -25, -19, -12, -14, -14, -9, -16, -8, -18, -13, -10, -17, -12, -15, 7, -6, -1, -9, -27, -22, -2, 33, -61, -30, -11, -14, -6, -2, 3, 15, 20, 33, 69, 89, 85, 60, 9, -2, -13, -11, -18, -11, -14, -15, -9, -9, -12, -13, -15, -7, -21, -12, -8, -20, -17, -14, 3, -3, 2, -11, -23, -14, -19, 37, -24, -34, -12, -7, -5","-35, 30, -1, -56, -9"
"-3, 1, -4, -4, -1, 0, 0, -3, -3, 0, 0, -4, 0, -5, -4, -6, nan, nan, nan, nan, nan, 1, 6, 0, -2, -8, -10, 100, 32, -6, -4, -11, -6, -7, -8, -5, -7, -2, 4, 4, 13, 16, 16, 5, -5, -3, -5, -7, -6, -6, -3, -5, -4, -3, -6, -4, -5, -4, -6, -6, -6, -5, -6, -6, -4, -1, 1, 5, -8, 0, -25, 52, 70, -12, 0, -10, -10, -8, -5, -6, -4, -3, 4, 4, 13, 19, 20, 11, -2, -2, -7, -5, -8, -5, 0, -4, -5, -3, -1, -9, -3, -9, -3, -3, -9, -6, -7, -6, -7, -2, -3, 3, 6, -10, -3, -25, 78, 60, -12, 0, -13, -5, -7, -5, -8, -10, 0, 2, 5, 8, 16, 19, 8, -1, -6, -3, -2, -9, -1, -6, -2, -1, -1, -7, -3, -2, -6, -6, -5, -3, -6, -2, -9, -5, 0, 0, 2, 1, -5, -1, -26, 78, 63, -12, -1, -12, -9, -8, -5, -7, -7, -2, 0, 8, 9, 19, 17, 10, -2, -7, -4, -5, -7, -6, -3, -4, -4, -3, -7, -5, -2, -9, -3, -6, -5, -4, -8, -5, -5, 0","-1, -3, -6, -4, 2"
"-2, -8, -2, -1, -3, -3, 0, -7, -3, -3, -5, -6, -3, -7, -5, -3, 1, 2, -4, -6, -4, -9, -3, -15, 73, 75, -2, 0, -5, -4, -3, 0, 3, 10, 21, 36, 43, 32, 11, 0, -4, -3, -10, -12, -9, -6, -6, -11, -6, -8, -10, -9, -11, -12, -10, -11, -13, -10, -11, -8, -2, -4, -5, -15, -10, -17, -12, -8, 79, 38, -14, -5, -8, -7, -8, -2, 3, 12, 20, 37, 39, 29, 4, -4, -11, -15, -8, -8, -13, -14, -10, -6, -7, -9, -9, -11, nan, nan, nan, nan, nan, -4, -11, -9, -15, -6, -18, 47, 60, -8, -3, -7, -6, -6, -2, 2, 8, 18, 33, 44, 36, 9, -3, -9, -7, -6, -14, -11, -3, -7, -6, -9, -6, -2, -8, -8, -9, -7, -3, -9, -7, -10, -3, -5, -1, 0, -1, -10, -7, -13, -7, -15, 79, 67, -10, 0, -13, -5, -3, -4, -3, 5, 20, 31, 39, 28, 5, -3, -9, -7, -11, -7, -10, -8, -11, -6, -5, -3, -8, -8, -6, -7, -8, -8, -6, -8, -8, -3, -7, -7, -4, 2, 1, -8, -7, -11, -11, -15, 8, 100","-10, -10, -9, -4, -1"
"-3, -5, 0, -3, -3, -5, 0, -3, -5, -6, -5, -3, -5, -6, 3, -2, -3, -15, 24, 100, -1, -9, -6, -10, -4, -3, 0, 3, 9, 29, 34, 26, 6, -4, -11, -11, -12, -12, -10, -8, -8, -9, nan, nan, nan, nan, nan, -11, -5, -2, -13, -9, -12, 83, 20, -23, -7, -15, -7, -10, -7, -1, 6, 26, 36, 29, 14, -4, -8, -12, -10, -12, -7, -9, -5, -4, -4, -4, -6, -4, -4, -5, -8, 6, -4, -7, -19, 39, 87, -17, -6, -10, -10, -7, -4, -1, 0, 10, 24, 31, 19, 0, -5, -9, -8, -10, -7, -10, -12, -6, -10, -8, -12, -8, -8, -11, -2, -6, -10, -11, -5, 99, 18, -21, -5, -11, -6, -7, -3, -2, 11, 23, 27, 23, 8, -6, -7, -10, -12, -11, -8, -8, -7, -6, -9, -8, -5, -7, -7, 3, -10, -3, -27, 74, 66, -28, -5, -17, -1, -9, -3, 0, 3, 18, 32, 27, 13, -1, -10, -10, -12, -11, -6, -8, -7, -10, -5, -11, -11, -6, -7, 3, -14, -2, -28, 76, 62, -29, -4, -17, -6, -10, -6, -2, 5, 17, 29, 23, 11, -4","-9, -7, -10, -11, -7"
"-7, -6, -7, -5, 1, 15, -7, -14, -17, -12, -17, 33, 92, -28, -8, -11, -9, -5, -5, 2, 10, 19, 32, 28, 0, -6, -7, -10, -10, -6, 0, 2, 10, 0, -8, -19, -10, -13, 51, 66, -41, -4, -16, -4, -3, -3, 4, 19, 31, 32, 23, -3, -11, -11, -18, -13, -12, 0, 3, 9, -7, -11, -19, -10, -8, 87, 19, -32, -12, -20, -7, -17, -3, -1, 11, 18, 17, 7, -10, -18, -16, -14, -11, -4, 1, 2, -11, -10, -21, -19, 5, 98, 4, -31, -6, -18, -5, -14, -1, 1, 10, 23, 17, 4, -11, -12, -15, -11, -10, -7, 9, -2, -12, nan, nan, nan, nan, nan, -26, -14, -13, -10, -13, -6, -4, 6, 18, 24, 17, -2, -8, -9, -13, -8, -3, 0, 12, 1, -12, -14, -9, -17, 58, 71, -36, -8, -21, -1, -6, 1, 5, 16, 31, 36, 12, -3, -11, -14, -12, -5, -8, 1, 9, -12, -8, -23, -11, -15, 83, 24, -43, -11, -19, -13, -15, -6, 2, 12, 22, 20, 3, -7, -14, -18, -14, -17, -9, 1, 1, 9, -9, -7, -17, -15, -7, 100, 38, -32, -4, -17","-14, -16, -21, 40, 95"
"3, -2, 2, 3, 0, -1, -5, -3, -6, -6, -4, -7, -6, -6, -8, -1, -4, -7, -13, -6, -14, 13, 98, -56, -44, -5, -4, 3, 3, 10, 16, 30, 54, 60, 48, 14, -4, -16, -14, -13, -10, -16, -14, -11, -5, -12, -9, -10, -16, -11, -11, -12, -11, -16, -11, -10, -10, -4, -6, -15, -9, -15, 17, 99, -59, -43, -2, 0, 5, 2, 10, 21, 34, 50, 60, 48, 19, -3, -12, -12, -13, -9, -8, -10, -11, -4, -8, -7, -7, -10, -11, -12, -4, -7, -7, -9, -7, -3, 0, 2, -14, 0, -18, 41, 85, -74, -26, -6, -1, 3, 6, 10, 26, 38, 53, 63, 40, 15, -9, -12, -12, -15, -15, -14, -9, -9, -13, -11, -12, -8, -10, -9, -13, -8, -12, -11, -14, -10, -9, -7, -7, -13, -15, -2, nan, nan, nan, nan, nan, -7, 1, 4, 4, 18, 27, 41, 61, 59, 35, 4, -6, -13, -9, -10, -12, -9, -8, -8, -8, -6, -4, -12, -11, -5, -7, -10, -11, -11, -11, -12, -3, -3, -12, -18, -6, -16, 100, -6, -73, -2, -9, 5, 4, 7, 15, 26, 41, 56, 56, 31","-20, 87, 19, -84, -3"
"0, 0, -10, -9, -8, -10, -6, -10, -6, -6, -10, -6, -8, -6, -7, -2, -1, -11, -10, -5, 91, 27, -17, -2, -9, -7, -3, 0, 2, 11, 18, 26, 22, 10, -2, -4, -6, -8, -7, -3, -5, -7, -5, -2, -6, -5, -4, -4, -4, 4, -8, -2, -20, 79, 52, -20, 0, -13, 0, -5, 3, -1, 9, 17, 22, 26, 12, 0, -11, -12, -14, -13, -13, -10, -11, -11, -13, -9, -10, -10, -2, -17, -10, -25, 56, 45, -33, -5, -12, -4, -11, -3, 0, 6, 15, 27, 27, 9, -1, -8, -10, -14, nan, nan, nan, nan, nan, -8, -6, -5, -5, -4, 0, -8, -5, -17, 87, 33, -19, 0, -13, -2, -4, 0, -2, 7, 18, 27, 19, 16, -2, -5, -9, -9, -7, -9, -10, -4, -5, -8, -9, -5, -6, -8, 1, -3, -6, -16, 7, 100, 7, -12, -10, -6, -6, -4, -3, 1, 9, 17, 22, 21, 4, -8, -9, -7, -10, -8, -9, -7, -8, -8, -9, -11, -8, -11, -8, -3, -4, -12, -10, -6, 94, 20, -20, -3, -8, -9, -5, -2, 1, 9, 17, 24, 22, 6, -4, -8, -10, -8","-14, -6, -7, -7, -7"
"13, 11, 0, -7, -7, -6, -9, -4, -5, -4, -6, -2, -3, -5, -3, -9, -8, -1, -7, -4, -9, -5, -11, -6, -8, -11, -11, -16, -11, -16, -9, -5, -2, -12, -14, -14, -17, -12, -16, 89, 37, -15, -3, -9, -1, -3, 1, 1, 12, 25, 28, 30, 21, 8, -2, -6, -3, -3, -5, -2, 0, -2, 0, -1, -2, -5, -1, -8, -1, -8, -5, -6, -7, -4, -6, -5, -8, -6, -2, -8, -2, -3, -4, -6, -3, -1, 1, nan, nan, nan, nan, nan, -8, -6, -4, 100, 35, -12, 0, -7, 0, 2, 5, 7, 16, 22, 33, 29, 17, 0, -7, -11, -10, -10, -7, -7, -5, -5, -7, -9, -4, -8, -11, -10, -5, -9, -11, -8, -6, -11, -12, -10, -9, -10, -8, -9, -5, -5, -2, -4, 1, 2, 4, -4, -5, -1, -7, -10, -4, 99, 28, -20, 0, -9, -6, -4, -1, 3, 13, 26, 29, 33, 22, 7, -4, -7, -5, -5, -7, -6, 0, -3, -5, -5, -1, -6, -7, -9, -8, -9, -6, -6, -4, -4, -6, -7, -4, -8, -10, -11, -3, -9, -2, 0, 1, -4, -11, -8, -14, -7","4, 3, -2, -3, -6"
"-5, -5, -8, -10, -3, 1, 4, -2, -11, -13, -14, -15, 8, 72, -53, -40, -12, -15, -7, -7, -8, 3, 10, 24, 54, 81, 98, 81, 46, 16, 0, -6, 1, -4, -4, -1, -3, -4, -5, -5, -9, -10, -7, -10, -12, -11, -9, -5, -9, -9, -6, -5, -9, -9, -7, -3, 5, 4, 1, -9, -13, -10, -17, 5, 74, -43, -48, -11, -15, -11, -5, -3, 2, 6, 25, 46, 80, 98, 83, 39, 8, -6, -15, -13, -12, -12, -9, nan, nan, nan, nan, nan, -24, -28, -24, -27, -27, -29, -29, -26, -29, -26, -23, -19, -20, -7, -2, 0, -16, -13, -10, -13, -23, 39, 34, -72, -21, -9, -4, -4, -1, 8, 9, 26, 43, 71, 94, 100, 72, 29, 11, 0, -4, -4, -2, -4, -2, 0, -1, -3, -4, -10, -7, -7, -10, -6, -10, -12, -7, 1, 0, 10, -6, -7, -16, -9, -21, 46, 24, -73, -22, -16, -10, -14, -6, -6, 2, 5, 24, 56, 82, 86, 49, 19, -1, -10, -10, -9, -14, -13, -8, -12, -11, -16, -15, -20, -20, -18, -21, -23, -27, -25, -18, -14, -24, -16, -18, -16, -9, 1","-16, -17, -18, -21, -20"
"-5, -5, -4, -2, -1, -4, -12, -7, -18, 35, 50, -20, -4, -3, 1, 7, 9, 16, 27, 26, 10, 0, -8, -9, -14, -7, -11, -5, -4, -6, 0, -1, -3, -7, -11, -9, -6, 66, nan, nan, nan, nan, nan, 5, 15, 22, 27, 23, 2, -4, -9, -9, -12, -11, -9, -8, -7, -1, -4, -6, -6, -16, -6, -18, 62, 35, -24, -2, -7, -2, -3, 7, 18, 22, 19, 1, -10, -15, -20, -20, -18, -17, -18, -21, -13, -11, -17, -13, -22, -16, -31, 9, 75, -15, -15, -14, -12, -5, -3, 4, 17, 18, 8, -6, -16, -17, -16, -16, -12, -14, -11, -9, -16, -10, -5, -8, -10, -13, -2, -23, 65, 65, -18, -2, 0, 4, 3, 15, 27, 37, 35, 26, 8, 6, 3, 5, 4, 8, 5, 6, 8, 6, 8, 12, 14, 15, 9, 3, 11, 0, 100, 63, -5, 15, 10, 19, 16, 24, 34, 41, 39, 20, 12, 0, 1, -1, -1, 0, 1, 0, -5, -10, -6, -5, -8, -7, -5, -9, -23, -13, -31, 55, 30, -43, -18, -27, -19, -19, -12, -9, 0, -3, -17, -33, -44, -48, -44, -47, -47, -46","13, -14, -1, -1, 3"
"-3, -2, -4, 1, 2, -4, -2, 7, 1, -7, 1, -8, 6, -12, -4, -7, -2, -1, nan, nan, nan, nan, nan, -10, 0, 0, -4, -13, -6, 1, 0, 6, -8, -1, 0, -9, -11, 66, 100, -28, -14, -3, 6, -3, 0, 5, 5, 16, 14, 31, 40, 58, 50, 33, 16, 5, -2, -1, -3, -3, -6, 1, -1, 0, 0, -2, 0, -3, -8, -6, -11, -6, -9, -15, -15, -9, -10, -12, -21, -6, -9, -21, -16, -22, -11, 0, -15, -19, -23, -17, -16, -20, 82, -11, -48, -24, -30, -14, -12, -27, -21, -13, 1, 6, 14, 45, 59, 41, 24, 10, 7, -3, -4, 1, 4, -2, 3, 9, 13, -1, 10, 7, 2, -2, 1, 2, 0, -4, -6, 7, -1, -4, -7, -1, -4, 1, -10, -5, -2, -3, -8, 6, 0, -18, -10, -8, -14, 21, 97, -8, -13, -13, -6, 0, -5, 0, 1, 4, 6, 21, 34, 53, 51, 40, 18, 2, 1, -13, -10, -7, -10, -11, -10, -3, -4, -5, -16, -6, -3, -13, -4, -23, -8, -13, -5, -12, -19, -18, -5, -11, -22, -11, -17, -13, -12, -10, -18, -7, -15, -15","-13, -5, -1, -3, -9"
"-3, -4, -4, -2, -2, -7, -1, -2, -7, -4, -7, -6, -5, -3, 0, 3, -7, -13, -19, nan, nan, nan, nan, nan, -2, -11, 0, 1, 8, 5, 18, 30, 48, 67, 69, 46, 13, -2, -10, -12, -16, -11, -12, -11, -10, -8, -7, -9, -11, -15, -13, -9, -16, -13, -11, -4, -3, -5, -5, -20, -2, -39, 75, 42, -56, -6, -12, 0, -3, -2, 0, 7, 22, 36, 54, 63, 49, 10, -7, -20, -16, -14, -15, -14, -12, -14, -11, -12, -14, -13, -15, -11, -10, -13, -9, -10, -8, -13, -4, -3, 0, -6, -14, -15, -16, -15, 100, -19, -38, -2, -8, -1, -1, 4, 1, 16, 29, 47, 66, 62, 40, 6, -11, -19, -15, -15, -16, -14, -12, -11, -7, -9, -11, -10, -12, -11, -13, -7, -9, -7, 4, 9, 0, -4, -13, -8, -22, 14, 83, -46, -25, -7, 1, 0, 4, 9, 14, 25, 35, 58, 70, 63, 35, 10, -2, -14, -16, -19, -14, -18, -14, -12, -10, -15, -17, -12, -22, -18, -13, -8, -4, -20, -20, -23, -18, -34, 1, 79, -51, -32, -7, -5, -7, 2, 2, 11, 25, 34, 52, 65","-7, -34, 90, 17, -49"
"0, 13, 9, 9, 3, 7, 3, -3, 4, 4, -2, -9, -3, -15, -8, -19, -18, -17, -4, -12, -12, -26, -23, -26, -32, -24, 21, 66, -4, -15, -28, -15, -9, -2, 0, 7, 0, 22, 31, 31, 48, 57, 36, 15, -3, -2, -8, -3, -6, -24, -10, -11, -6, -12, nan, nan, nan, nan, nan, -7, -15, -31, -19, -22, -29, -29, -19, -24, -19, -21, -24, -21, -16, -24, -10, -2, 0, 6, 1, -6, -7, 3, 9, 96, 60, 15, 27, 9, 17, 28, 31, 39, 42, 42, 64, 72, 100, 85, 40, 16, -8, -25, -25, -18, -41, -32, -29, -27, -24, -23, -38, -26, -16, -17, -22, -25, -21, -20, -22, -18, -8, -11, -7, -9, -9, -22, -21, -9, -16, 33, 70, -10, -6, -8, -12, -4, -5, -2, -4, 8, 11, 12, 40, 52, 44, 29, 7, -8, -15, -11, -11, -15, -15, -15, -11, -8, -4, -8, -11, -5, -10, 0, -5, 0, -3, 1, -4, -2, 11, 10, 6, 11, -1, -4, -3, -4, -14, 52, 82, -2, 2, -10, -4, -2, -12, 0, 4, 2, 7, 30, 32, 46, 44, 17, 0, -6, -18, -14, -16, -28","-13, 0, -7, -19, -17"
"-4, 0, 1, 2, 1, 3, 1, 0, 0, -2, -3, -1, -2, -2, -2, -2, -2, 3, 3, 3, -1, -5, -9, -2, -20, 32, 82, -6, -3, -6, -3, -2, -2, 0, 0, 2, 8, 11, 17, 18, 13, 7, -3, -3, -6, -4, -5, -4, -3, -4, -4, -4, -5, -6, -6, -6, -7, -7, -5, -7, -4, -3, nan, nan, nan, nan, nan, -13, -4, -26, 54, 71, -11, -3, -9, -1, -5, -2, -2, 0, 3, 6, 12, 17, 17, 13, 4, 0, -5, -3, -2, -3, -4, -5, -4, -4, -4, -4, -8, -5, -6, -4, -6, -7, -5, -4, -5, -1, 2, 2, -1, -5, -9, -10, -14, -5, 98, 20, -9, -3, -8, -3, -6, -1, 0, 1, 5, 8, 15, 18, 16, 9, 3, -4, -3, -2, -2, -3, -4, -4, -4, -5, -6, -7, -6, -7, -8, -6, -5, -4, -6, 0, 1, 3, -3, -7, -16, -3, -32, 51, 100, -11, -3, -12, -4, -6, -2, -4, 0, 3, 7, 14, 18, 20, 15, 7, 0, -3, -5, -7, -4, -4, -5, -8, -7, -7, -9, -10, -10, -9, -12, -7, -6, 1, 4, 1, -8, -10, -14, -12","0, 3, 1, -8, -7"
"-6, -10, -2, -8, -10, -8, -6, -9, -5, 2, 0, -11, -16, -13, -3, 100, -21, -49, 0, -13, -4, 0, 7, 15, 20, 37, 41, 43, 31, 12, -3, -6, -4, -5, 2, 2, 1, -1, 0, -5, -4, -1, 8, -6, -12, -15, -17, 0, 87, -44, -48, -2, -13, -1, 0, 8, 13, 24, 36, 41, 40, 26, 1, -8, -10, -11, -15, -10, -12, -6, -12, -17, nan, nan, nan, nan, nan, -22, -24, -26, 18, 73, -67, -37, -12, -12, -5, -4, 9, 12, 23, 37, 46, 38, 19, -1, -6, -12, -12, -13, -8, -8, -4, -6, -10, -5, -12, -4, 4, -2, -8, -16, -9, -16, 84, 4, -53, 0, -12, -4, -2, 6, 14, 23, 38, 46, 46, 34, 10, -5, -11, -10, -12, -10, -13, -7, -8, -10, -11, -11, -12, -10, -9, -4, 2, -12, -22, -14, -28, 37, 53, -62, -15, -11, -8, -6, 1, 6, 17, 31, 41, 48, 43, 21, 1, -8, -9, -14, -12, -9, -9, -7, -9, -3, -8, -11, -8, -9, -10, -9, -2, 0, -8, -16, -13, -23, 26, 66, -57, -18, -13, -9, -4, 0, 5, 16, 29, 44, 51, 44","-12, -16, -7, -8, -13"
"1, 0, 0, 2, nan, nan, nan, nan, nan, 0, -6, -3, -8, -4, -4, -4, -4, -9, -1, -9, -3, -5, -6, -8, -3, -6, -5, -6, -6, -7, -5, -3, -5, 0, -4, -5, -7, -10, -12, 8, 100, 28, -9, 3, -4, 0, 3, 9, 9, 16, 27, 38, 41, 46, 25, 9, 1, -9, -7, -7, -6, -7, -5, -6, -4, -5, -9, -9, -8, -12, -10, -12, -10, -12, -10, -9, -15, -11, -12, -13, -12, -8, -15, -13, -12, -12, -8, -9, -13, -10, -9, -4, -4, -6, -17, -10, -22, 49, 94, -7, -3, -1, 0, 0, 6, 8, 14, 22, 35, 39, 46, 39, 20, 3, -5, -6, -9, -7, -6, -4, -7, -4, -8, -5, -6, -7, -11, -6, -10, -12, -12, -14, -11, -10, -10, -13, -15, -9, -12, -13, -11, -7, -10, -8, -2, -10, -11, -12, -22, 27, 96, 1, -6, -1, -2, 3, 0, 7, 14, 20, 33, 35, 52, 41, 26, 3, -4, -8, -11, -6, -9, -6, -5, -3, -8, -5, -7, -8, -8, -8, -6, -12, -10, -12, -10, -10, -11, -10, -11, -14, -9, -12, -8, -9, -11, -15, -7, -8, -6, 0","0, 4, -1, 0, 0"
"-2, -5, -3, -5, -5, -6, -4, -2, -5, -9, -3, -4, -5, -7, -5, -8, -2, 3, 12, 2, -13, 5, -32, 56, 79, -40, 4, -17, -1, -11, -4, -1, 1, 10, 20, 43, 45, 32, 14, 0, -1, -3, 0, -4, -3, 0, -4, -2, -6, -9, -8, -6, -6, -5, -7, 0, 6, 2, -11, -5, -22, 15, 88, -36, -6, -15, -12, -11, -6, -4, -1, nan, nan, nan, nan, nan, 10, -6, -6, -9, -7, -11, -8, -9, -7, -10, -11, -10, -12, -15, -14, -20, -12, 0, -5, -9, -18, -13, -28, 100, 2, -27, -3, -22, -12, -10, -10, -2, 0, 12, 28, 39, 34, 19, 4, -2, -5, -5, -7, -2, -3, 0, -5, -3, -2, -2, -3, -4, -5, -3, -3, -5, -1, 7, 8, -1, -9, 5, -30, 87, 52, -31, 3, -16, -1, -8, -8, 2, 2, 7, 20, 25, 41, 19, 0, -7, -10, -13, -8, -8, -9, -7, -9, -6, -13, -9, -8, -8, -10, -9, -10, -11, -8, -10, -9, 3, 1, -1, -19, -3, -32, 69, 65, -34, 0, -21, -5, -7, -7, -6, 4, 8, 28, 37, 44, 30, 5, 0, -2, -1","4, 15, 32, 42, 26"
"-4, -1, 10, 10, 0, 9, -11, 67, 29, -33, 6, -13, 2, -7, -3, 1, 14, 21, 27, 12, -1, -9, -9, -8, -7, -6, -11, -8, -5, 1, -15, -3, -31, 29, 63, -46, -1, -20, -8, -10, -5, -1, 12, 17, 21, 14, 1, -7, -7, -7, -9, -7, -3, -8, -7, 1, 3, -16, 1, -30, 59, 48, -43, 1, -17, 0, -6, -1, 3, 14, 28, 28, 17, 2, -7, -8, -6, -7, -6, -5, -8, -11, -3, 0, 2, -18, -2, -27, 86, 10, -34, -3, -19, -4, -7, -2, 3, 12, 19, 26, 13, -1, -9, -8, -6, -8, -4, -8, -10, -7, -4, 0, -4, -12, nan, nan, nan, nan, nan, -8, -12, -5, -4, -4, 8, 15, 27, 26, 13, -4, -9, -6, -9, -7, -8, -6, -6, -8, -6, -6, 1, 0, -10, -5, -15, 100, -8, -19, -4, -14, -2, -4, 1, 5, 17, 24, 27, 14, -2, -5, -6, -4, -4, -4, -3, -2, -6, -3, -11, 1, 8, -13, 2, -29, 47, 69, -44, -2, -17, -6, -11, -4, 1, 8, 20, 26, 14, 2, -9, -8, -13, -9, -9, -9, -10, -9, -13, -8, -11, 0","-6, -20, 100, -8, -27"
"0, 2, 2, 3, 1, 0, 0, 0, -2, 0, -3, -2, -2, -2, -3, -2, -3, -3, -3, -3, -10, -6, -7, -5, -5, -6, -3, -6, -6, -4, -5, -2, -3, 0, 1, -3, -6, -4, -12, 21, 100, 4, -17, -4, -5, -2, -1, 1, 2, 7, 11, 17, 23, 24, 26, 16, 5, 0, 0, -2, -4, -1, -5, -6, -7, -7, -9, -7, -11, -11, -9, -10, -9, -9, -10, -11, -8, -12, nan, nan, nan, nan, nan, -3, -4, -7, -8, -10, -11, -10, 83, 48, -22, -6, -11, -5, -5, 0, 1, 5, 11, 17, 23, 31, 29, 24, 8, -2, -3, -3, 0, -1, -3, -2, -3, -4, -6, -6, -7, -7, -8, -6, -7, -7, -9, -8, -7, -11, -9, -8, -10, -7, -10, -5, -1, -8, -5, -13, -7, -19, 30, 98, -4, -14, -7, -6, -5, -2, -2, 3, 8, 14, 22, 32, 35, 27, 17, 4, -3, -4, -4, -3, -5, -3, -5, -7, -6, -9, -9, -9, -8, -10, -9, -9, -9, -10, -9, -10, -10, -10, -5, -4, -7, -10, -11, -8, -19, 38, 87, -15, -13, -9, -7, -5, -1, -1, 1, 9, 13, 22","-8, -10, -9, -8, -10"
"-5, -15, -13, -9, -12, -10, -14, -7, -6, 0, 20, 14, -1, -7, -6, -6, -1, 28, 51, -33, -1, 0, -3, 4, 5, 13, nan, nan, nan, nan, nan, 59, 26, 6, -6, -15, -24, -30, -16, -4, -1, 5, -2, 1, -1, -3, -2, 9, -1, -5, -18, -10, -4, 0, -19, -31, -31, -28, -18, -6, 26, -55, -37, -11, -11, -1, 0, 10, 15, 27, 45, 91, 88, 66, 30, 4, 0, -15, -9, -23, -19, -9, -2, -7, -8, -7, -16, -7, -14, -13, -18, -34, -27, -37, -26, -10, 2, 7, -21, -30, -25, -19, -13, 10, 38, -40, -20, -4, -8, 0, -2, -2, 5, 11, 34, 61, 75, 48, 22, -6, -12, -16, -15, -6, -12, -10, -12, -13, -18, -8, 5, 1, -8, -22, -11, -9, -2, -12, 0, 5, 11, 21, 13, 0, -9, -6, -15, 2, 20, 63, -17, 1, 24, 4, 14, 20, 27, 35, 50, 69, 100, 94, 64, 12, -17, -30, -36, -40, -34, -32, -34, -28, -25, -30, -30, -23, -32, -42, -46, -35, -32, -25, -27, -16, -5, -4, -23, -19, -20, -14, -13, 24, -12, -50, 2, -4, 10, 8, 18, 19","18, 35, 55, 74, 83"
"-4, -6, -3, 0, -3, -10, -14, -7, -16, 85, 34, -27, 0, -7, 6, 6, 15, 24, 29, 30, 13, -2, -8, -12, -10, -7, -8, -7, -6, -7, -5, -9, -13, -22, -15, -30, 18, 86, -23, -17, -12, -7, -1, 3, 13, 22, 28, 19, 1, -10, -13, -15, -12, -12, -14, -11, -9, -9, -4, -7, -11, -15, -11, -17, 100, 30, -28, 2, -7, 7, 6, 17, 27, 34, 34, 16, -4, -10, -10, -10, -7, -10, -4, nan, nan, nan, nan, nan, -28, -15, -38, 63, 51, -42, -13, -17, -7, -4, 8, 15, 20, 23, 13, -6, -12, -15, -13, -11, -10, -12, -9, -7, -5, -8, -9, -21, -9, -27, 60, 52, -34, -4, -7, 1, 4, 11, 21, 28, 30, 17, 2, -12, -14, -12, -8, -8, -8, -3, -6, -2, -1, -10, -13, -7, -23, 81, 49, -29, 0, -6, 1, 4, 17, 22, 31, 27, 16, -1, -12, -13, -13, -12, -17, -10, -6, -11, -7, -11, -17, -18, -20, -14, 95, 17, -26, -6, -9, 0, 2, 9, 21, 28, 20, 4, -13, -17, -18, -17, -17, -15, -15, -13, -10, -9, -10, -19, -19, -22, -10, 97","-14, -18, -13, -13, -21"
"0, -1, 0, 0, 0, 0, 0, 0, 0, 0, 0, 0, 0, 0, 0, 0, 0, 0, 0, 0, 0, 0, 0, 0, 0, 0, 0, 0, 0, 0, 0, 0, 0, 0, 0, 0, 0, 0, 0, 0, 0, 0, 0, 0, 0, 0, 0, 0, 0, 0, 0, 0, 0, 0, 0, 0, 0, 0, 0, 0, 0, 0, 0, 0, 0, 0, 0, 0, 0, 0, 0, 0, 0, 0, 0, 0, 0, 0, 0, 0, 0, 0, 0, 0, 0, 0, 0, 0, 0, 0, 0, 0, 0, 0, 0, -1, 0, -1, 0, -1, 0, -2, 4, 30, 26, 10, -3, -5, -5, -8, -7, -9, -8, -6, -8, -2, nan, nan, nan, nan, nan, -6, -4, -4, 3, -1, -5, -10, -3, -15, 100, 36, -32, 0, -11, -1, -3, 1, 1, 10, 20, 28, 21, 2, 0, -3, -7, -5, -5, -6, -5, -5, -6, -6, -3, -8, -10, -8, -4, -7, -12, -4, -1, 1, -3, -3, -12, -2, -11, 92, 34, -35, -4, -8, 0, -3, -1, 2, 14, 25, 26, 22, 9, -2, -6, -5, -6, -8, -8, -11, -6, -9, -6, -8, -11, -13, -8, -7, -6, -1","-9, -8, -7, -6, -7"
"9, 13, 4, -8, -15, -15, -14, -15, -15, -15, -11, -10, -10, -8, -9, -9, -9, -9, -8, -10, -8, -6, -5, 0, 1, -7, -6, -11, -5, -17, 14, 76, -4, -5, -9, -9, -9, -4, -4, -3, 0, 3, 9, 15, 23, 26, 18, 3, -3, -5, -6, -4, -4, -5, -2, -5, -4, -6, -6, -6, -6, nan, nan, nan, nan, nan, -1, 0, -4, -12, -9, -10, -14, -6, 99, 22, -12, -9, -9, -5, -11, -5, -5, -2, 1, 8, 16, 23, 27, 21, 4, -4, -5, -5, -3, -4, -3, -3, -4, -4, -5, -5, -5, -3, -5, -3, -6, -7, -4, 0, 4, -3, -7, -11, -5, -16, 1, 98, 5, -5, -4, -5, -3, -4, -5, -2, 1, 5, 8, 17, 23, 27, 17, 4, -3, -6, -6, -10, -6, -6, -12, -11, -9, -11, -13, -12, -15, -13, -12, -15, -9, -7, 0, -2, -13, -10, -15, -9, -20, 88, 36, -14, -6, -13, -6, -7, -1, -2, 0, 5, 10, 16, 24, 27, 23, 8, 3, -2, -2, -4, -4, -3, -3, -2, -5, -3, -4, -5, -6, -1, -6, -2, -1, 2, 2, -8, -6, -11, -5, -21","-4, -5, -5, -5, -4"
"-1, -2, -4, -2, -2, -2, -1, -4, -1, -4, -2, -3, 0, 6, 2, -9, 2, -24, 27, 96, -15, 0, -7, -2, -4, nan, nan, nan, nan, nan, 2, 2, 1, -1, -3, -4, -5, -5, -2, -5, -5, -5, -3, -5, -5, -5, -5, -6, -6, -4, 2, 5, -2, -8, 0, -26, 84, 43, -19, 0, -9, 0, -3, 0, -1, 0, 0, 3, 1, 1, 0, -2, -3, -7, -4, -2, -3, -6, -4, -4, -6, -5, -5, -5, -5, -7, 1, 5, 0, -11, 0, -29, 79, 47, -20, 2, -9, 0, -4, 0, 0, 1, 2, 3, 0, 0, 0, -2, -5, -6, -5, -4, -6, -3, -5, -4, -5, -6, -4, -5, -3, 3, 4, -4, -4, -9, -14, 95, 16, -13, -1, -6, -2, -2, 0, 0, 2, 2, 2, 4, 2, -1, -5, -7, -5, -6, -6, -5, -5, -4, -5, -5, -4, -3, -2, 6, 5, -9, -1, -18, 5, 100, -6, -4, -5, -4, -3, 0, 0, 1, 3, 2, 2, 5, 1, -2, -5, -6, -6, -4, -5, -5, -5, -6, -5, -6, -3, -7, 3, 4, -5, -9, -6, -23, 90, 26, -19, 0, -11, -4","-1, 1, 0, 1, 0"
"-2, -5, -3, -7, -4, 0, 7, 2, -17, 0, -29, 63, 61, -46, 6, -14, 2, 1, 7, 12, 20, 27, 34, 26, 4, -10, -16, -16, -16, -16, -14, -13, -16, -16, -12, -4, -2, -8, -26, -7, -34, 88, 28, -37, 0, -17, 0, -4, 6, 8, 22, 29, 37, 25, 2, -6, -12, -12, -12, -8, -8, -9, -12, -8, 1, 0, -4, -19, -5, -37, 61, 55, -49, 0, -18, -2, -7, 6, 7, 20, 27, 37, 28, 4, -9, -13, -16, -13, -13, -12, -14, -10, -16, -13, -6, 0, -2, -18, -13, -22, -2, 100, -23, nan, nan, nan, nan, nan, 7, 14, 28, 34, 33, 16, -1, -8, -10, -11, -7, -8, -11, -10, -10, -13, -11, -8, 2, 2, -8, -19, -9, -29, 90, 25, -33, 2, -14, 0, -3, 8, 8, 23, 31, 36, 28, 4, -8, -13, -13, -12, -12, -13, -12, -15, -15, -15, -18, -16, -11, -2, -3, -15, -23, -11, -28, 93, 8, -29, -2, -14, 0, -3, 5, 11, 25, 31, 39, 28, 6, -7, -12, -9, -8, -7, -7, -7, -10, -12, -11, -11, -9, -7, 2, 2, -7, -19, -5, -28, 89, 28","-14, -7, -5, -2, 2"
"5, 17, 7, 7, 9, 5, -3, -6, -6, -12, -12, -12, -1, 10, 5, -15, -19, -13, -26, 76, -24, -68, 4, -17, 4, -4, 4, -1, 8, 26, 27, 50, 72, 64, 27, -7, -34, -36, -36, -32, -31, -35, -35, -23, -32, -26, -37, -30, -34, -31, -39, -25, -40, -27, -16, -1, -9, -23, -35, -29, -30, 80, -36, -62, -2, -24, 1, -6, 9, -3, 18, 27, 35, 63, nan, nan, nan, nan, nan, 0, 9, 10, 11, 22, 22, 19, 18, 16, 8, 4, 5, -2, -2, -5, -5, 0, 4, 22, 20, -4, -7, -3, -28, 88, 0, -63, -2, -15, -1, 0, 7, 6, 16, 32, 38, 62, 75, 77, 48, 6, -13, -24, -23, -21, -19, -28, -23, -12, -25, -27, -23, -22, -27, -36, -63, -46, -39, -39, -35, -34, -22, -17, -14, -15, -35, -41, -20, -56, 59, -24, -88, -5, -21, 8, -7, 7, 9, 19, 30, 51, 58, 84, 100, 87, 41, 30, 14, 14, 19, 16, 12, 9, 10, 0, 0, -2, -16, -9, -5, -15, -16, -1, 6, -9, -22, -39, -18, -52, 55, -35, -84, -16, -35, -8, -11, -3, 0, 16, 24, 33","88, 86, 56, 21, 0"
"-10, 28, -20, -66, -4, -25, 0, -2, -6, 12, 28, 55, 60, 100, 64, 48, 2, -20, -17, -20, -24, -41, -17, -19, -23, -24, -20, -11, -26, -36, -4, -18, -30, -14, 10, 17, -18, -30, -17, -35, -28, 26, -21, -66, -2, -15, 12, 2, 9, 7, 29, 54, 70, 97, 86, 51, 16, -8, -9, -17, -19, -15, -26, -11, -7, -11, -20, -13, -8, -2, -28, -13, -14, -20, -24, -19, -11, -8, 9, 7, -19, -12, -25, -16, 35, -33, -33, -19, 1, 16, -2, 12, 38, 44, 57, 78, 96, 93, 62, 11, 21, 10, -8, -8, -11, -10, -9, -16, -17, -8, -28, -10, -19, -35, -18, -22, -20, -25, -33, -24, -36, -34, -18, -9, -1, -25, -36, -29, -18, 33, -27, -47, -6, -14, 5, 7, 0, 23, 30, 62, 84, 95, nan, nan, nan, nan, nan, -14, -7, -13, -15, 13, 1, -7, -12, 0, -9, -12, -12, -18, 0, -14, -17, -12, -7, -1, 4, -1, 17, 14, -2, -24, -13, -7, 61, -42, -32, -6, 0, 1, 0, 3, 17, 26, 44, 54, 81, 55, 42, -15, -19, -39, -22, -43, -40, -38, -24, -18, -37, -18","75, 50, 9, 1, 4"
"3, 0, -4, 0, 1, 1, -6, -21, -17, -30, 48, -52, -71, -15, -22, -8, -10, 8, -5, 25, 51, 78, 58, 26, 0, -18, -21, -20, -16, -6, -14, -18, -8, -12, 0, -13, -25, -23, -16, -17, 57, -57, -47, 7, -6, 8, 4, 12, 25, 54, nan, nan, nan, nan, nan, -5, -17, -12, 0, -7, -3, -19, -16, -13, 0, 7, -6, -12, -10, -20, 3, 27, -100, -18, -24, -13, -6, 1, -3, 15, 42, 66, 78, 49, 12, -11, -25, -25, -22, -13, -14, -14, -23, -13, -19, -8, -9, 4, -9, -18, -15, -28, -13, 39, -93, -21, -15, -13, -11, -7, 5, 11, 35, 63, 84, 64, 28, -2, -11, -18, -13, -5, -3, -7, -6, -5, -11, -3, 3, 11, 0, -20, -7, -14, 2, 59, -73, -35, -1, -16, -1, -9, -1, -3, 27, 59, 77, 74, 20, 2, -7, -10, -9, -9, -10, -7, -2, -10, -15, -6, 4, 15, -8, -24, -19, -14, -13, 44, -78, -42, -9, -15, -8, -7, 0, 11, 30, 68, 76, 61, 18, -11, -18, -23, -11, -14, -7, -5, -1, -21, -22, -16, -11, -15, -9, 1, -2, -27, -8, -19","71, 83, 76, 38, 2"
"-1, -3, -2, -2, -2, -2, -2, -2, -2, -2, -2, -2, -2, -2, -2, -2, -2, -2, -2, -2, -2, -2, -2, -2, -2, -2, -2, -2, -2, -2, -2, -2, -2, -2, -2, -2, -2, -2, -2, -2, -2, -2, -2, -2, -2, -2, -2, -2, -2, -2, -2, -2, -2, -2, -2, -2, -2, -2, -2, -2, -2, -2, -2, -2, -2, -2, -2, -2, -2, -2, -2, -2, -2, -2, -2, -2, -2, -2, -2, -2, -2, -2, -2, -2, -2, -2, -2, -2, -2, -2, -2, -2, -2, -2, -2, -2, -2, -2, -2, -2, -2, -3, -1, 1, 7, 15, 12, 22, 69, 76, 99, 66, 44, 0, -17, -17, -18, -11, -19, -10, -17, -11, -23, -13, -20, -25, -12, -14, -23, -33, -19, -14, -21, -27, -1, 32, -35, -24, -46, 47, nan, nan, nan, nan, nan, -11, 4, 10, 9, 13, 51, 66, 85, 88, 85, 40, -10, -23, -20, -10, -17, -18, -12, -7, -3, -23, -29, -30, -12, -22, -24, -32, -24, -23, 1, -2, 7, -31, -33, -25, 83, 28, -29, -19, -16, 0, -2, -2, 1, 21, 21, 52, 72, 84, 89, 46, -5, -20, -13, -13","68, -63, -32, -23, -8"
"-10, -16, -13, -19, -19, -22, -22, -20, -22, -17, -16, -26, -3, -30, 60, 43, -66, -8, -6, 5, 2, 10, 14, 24, 43, 59, 58, 45, 24, 9, 2, 3, 3, 5, 2, 1, 7, 4, 3, 4, 10, 13, 15, 19, 4, -2, 0, -5, 92, -42, -52, -4, -10, 0, 0, 2, 12, 21, 38, 51, 44, 25, 5, -2, -6, -12, -7, -11, -6, -8, -10, -10, -15, -11, -15, -20, -17, -12, -6, -20, -23, -23, -27, 76, -54, -71, -26, -26, -17, -15, -10, -3, 12, 25, 42, 33, 16, -4, -16, nan, nan, nan, nan, nan, -15, -14, -11, -14, -15, -12, -10, -4, 0, -12, -9, -13, 11, 79, -59, -38, -14, -2, -6, 2, 5, 13, 35, 49, 61, 48, 26, 9, 3, 5, 19, 24, 25, 30, 33, 27, 20, 14, 7, 7, 6, 10, 2, -22, -9, -36, 32, 32, -100, -39, -34, -27, -24, -23, -23, -9, 8, 27, 31, 24, 8, -1, -2, -4, -5, -2, 2, 0, -2, -5, -9, -14, -18, -12, -4, -2, -6, -17, -6, -31, 77, 27, -85, -18, -21, -1, 1, 9, 9, 23, 31, 48, 43, 28, 5, -3","-10, -16, -16, -14, -12"
"-2, -18, -13, -16, -7, -5, -10, -6, -12, -2, -11, -17, -11, -10, -23, -17, -19, -14, -15, -19, -9, -12, -14, 2, 9, 28, 6, -2, -6, -5, -14, 100, -14, -36, 12, 0, 15, 21, 20, 22, 44, 41, 62, 90, 97, 99, 75, 39, 20, 8, 8, 12, 7, 7, 17, 12, 9, 0, nan, nan, nan, nan, nan, -28, -18, -29, -34, -31, -35, -41, -47, -43, -36, -34, -17, -36, -31, -45, -37, -45, 52, -51, -77, -12, -23, -12, -8, 1, 3, 8, 21, 34, 62, 71, 77, 51, 4, -6, -19, -21, -2, -12, -17, -12, -10, -14, -11, -29, -14, -15, -15, -19, -9, 0, 13, -7, -23, -6, -25, 6, 57, -71, -19, -18, 6, 0, 13, 7, 13, 25, 34, 64, 78, 89, 68, 27, 8, -5, -14, -7, -4, -3, -8, -2, -2, -4, -4, -10, -1, -11, -14, 2, 20, 9, 1, -22, -4, -16, 39, 34, -63, -1, -9, 5, 0, 12, 11, 7, 18, 30, 53, 72, 68, 46, 6, -16, -13, -18, -26, -16, -19, -27, -24, -25, -23, -22, -30, -25, -29, -35, -21, -40, -23, -14, -12, -19, -28, -39, -34, -37","0, 3, -2, -15, -17"
"0, 2, 4, 1, 2, -1, -1, 0, -4, -5, -4, -5, -5, -5, -5, -7, -3, -4, -4, -7, -4, -4, -6, -3, -8, -4, -4, -5, -5, -5, -5, -4, 1, 0, -3, -3, -9, -2, -13, 78, 76, -20, -4, -8, 0, -2, -1, 1, 8, 12, 19, 25, 26, 28, 19, 5, 1, -8, -5, -5, -3, -2, -10, -6, -8, -7, -10, -10, -9, -11, -10, -12, -12, -11, -11, -11, -14, -11, -8, -3, -5, -6, -11, -9, -13, 0, 90, 18, -29, -5, -11, -9, -1, -4, 2, 6, 11, 18, 26, 26, 23, 11, 0, -5, -5, -1, -3, -3, -2, -5, -4, -9, -6, -6, -7, -9, -7, -7, nan, nan, nan, nan, nan, -6, -7, -11, -10, -14, 3, 100, 24, -22, -4, -10, -3, -6, 0, 1, 8, 13, 20, 30, 31, 28, 13, 0, -2, -4, -3, -3, -3, -2, -5, -7, -14, -10, -11, -9, -9, -10, -8, -12, -8, -11, -9, -11, -11, -7, -4, -7, -10, -12, -9, -22, 44, 92, -9, -11, -8, -9, -4, -3, 0, 3, 11, 17, 24, 30, 32, 24, 11, 0, -2, -6, -2, -5, -1, -4, -4, -7","-7, -10, -10, -6, -2"
